Index,Compound,ID,LatticeType,PointGroup,SpaceGroup_No,SpaceGroup,Supercell,Substitutions,Equivalent Structures,File,T_shry_real,T_shry_user,T_shry_sys,M_shry_memory,T_supercell_real,T_supercell_user,T_supercell_sys,M_supercell_memory
1,C26H26N2O3S,cod-7217822,triclinic,1,1,P1,3x2x1,1296000,216000,SG1/SG1_cod_database_code_7217822.cif,13.065,11.495,0.17,162976,0.19,0.325,0.22,73816
2,CaH8O14P2V2,cod-9012519,triclinic,1,1,P1,2x2x2,282240,35280,SG1/SG1_cod_database_code_9012519.cif,3.47,3.055,0.13,144974,0.07,0.07,0.075,45804
3,C14H18CoN2O5,cod-8000383,triclinic,1,1,P1,3x2x2,18295200,1524600,SG1/SG1_cod_database_code_8000383.cif,19.105,18.615,0.165,151598,0.64,3.655,0.8,149680
4,C14H11NO4,cod-7151465,triclinic,-1,2,P-1,2x2x1,5268480,658560,SG2/SG2_cod_database_code_7151465.cif,26.875,25.22,0.2,149806,0.33,1.3,0.48,134890
5,H15O20P4Ru2,cod-7049930,triclinic,-1,2,P-1,2x3x1,38332800,3194400,SG2/SG2_cod_database_code_7049930.cif,14.035,13.475,0.17,143756,1.005,17.925,1.39,180884
6,C20H17BrN4O4S,cod-7154816,triclinic,-1,2,P-1,1x3x1,10800,1800,SG2/SG2_cod_database_code_7154816.cif,2.135,1.73,0.14,145088,0.055,0.075,0.03,38948
7,O2Si,cod-9006306,monoclinic,2,3,P2,1x3x3,5250960,291720,SG3/SG3_cod_database_code_9006306.cif,4.32,2.63,0.195,141934,0.185,0.77,0.135,79826
8,C10N3O7.5S,cod-7215921,monoclinic,2,3,P2,1x1x3,648000,108000,SG3/SG3_cod_database_code_7215921.cif,7.28,6.79,0.115,159910,0.11,0.27,0.355,59870
9,Mo5O16U,cod-4030758,monoclinic,2,3,P2,2x1x3,2744280,228690,SG3/SG3_cod_database_code_4030758.cif,5.9,5.37,0.155,142460,0.17,0.47,0.23,82366
10,C4H9Cl3FMnN,cod-4127488,monoclinic,2,4,P2_1,1x1x3,86400,14400,SG4/SG4_cod_database_code_4127488.cif,4.985,3.26,0.16,144852,0.045,0.025,0.02,41882
11,C13H11NO,cod-7206735,monoclinic,2,4,P2_1,3x1x2,11761200,980100,SG4/SG4_cod_database_code_7206735.cif,5.605,5.15,0.13,145672,0.46,2.095,0.46,143670
12,C13H15NO,cod-7045778,monoclinic,2,4,P2_1,3x1x1,648000,108000,SG4/SG4_cod_database_code_7045778.cif,7.2,6.655,0.18,147602,0.09,0.185,0.16,58670
13,C22H14O8Sm,cod-7202040,monoclinic,2,5,C2,1x1x1,2304,576,SG5/SG5_cod_database_code_7202040.cif,2.965,1.255,0.165,143292,0.035,0.015,0.01,36930
14,C22H20O2,cod-7108565,monoclinic,2,5,C2,2x1x1,39513600,4939200,SG5/SG5_cod_database_code_7108565.cif,92.04,91.545,0.135,152012,0.695,10.395,1.235,161070
15,C10H17N5O7S,cod-7126561,monoclinic,2,5,C2,1x1x3,7318080,609840,SG5/SG5_cod_database_code_7126561.cif,4.065,3.575,0.135,151004,0.38,1.585,0.555,124386
16,O2Si,cod-9006302,monoclinic,m,6,Pm,2x3x3,31824,922,SG6/SG6_cod_database_code_9006302.cif,2.72,1.325,0.165,142890,0.125,0.1,0.02,40662
17,C5Cl5N,cod-7221872,monoclinic,m,7,Pc,1x3x3,4084080,226920,SG7/SG7_cod_database_code_7221872.cif,4.52,2.925,0.14,145152,0.215,0.795,0.275,73366
18,C12H10N6O2,cod-7111169,monoclinic,m,7,Pc,1x2x2,2634240,329280,SG7/SG7_cod_database_code_7111169.cif,7.325,6.96,0.14,150806,0.31,0.925,0.655,100906
19,C6H5ClN6,cod-7053722,monoclinic,m,7,Pc,2x3x1,653400,54450,SG7/SG7_cod_database_code_7053722.cif,2.455,1.985,0.14,142940,0.11,0.245,0.22,54386
20,C22H14F4I2N6,cod-7216660,monoclinic,m,8,Cm,1x1x3,3219955200,268329600,SG8/SG8_cod_database_code_7216660.cif,12753.345,12728.205,2.015,478500,43.89,1616.625,106.59,191140
21,C6H16F7N9O5TiZn3,cod-7705796,monoclinic,m,8,Cm,2x1x1,13440,1680,SG8/SG8_cod_database_code_7705796.cif,1.73,1.215,0.125,143106,0.04,0.025,0.02,39300
22,C24H32CoN2O8,cod-7224505,monoclinic,m,8,Cm,1x1x3,4900500,408375,SG8/SG8_cod_database_code_7224505.cif,3.48,3.1,0.12,149150,0.325,1.285,0.27,100776
23,C8H22I10N4Pb3,cod-4127723,monoclinic,m,9,Cc,1x2x1,1128960,141120,SG9/SG9_cod_database_code_4127723.cif,5.555,3.9,0.175,148964,0.17,0.23,0.125,67214
24,C15H13NO4,cod-3500024,monoclinic,m,9,Cc,1x1x3,35283600,2940300,SG9/SG9_cod_database_code_3500024.cif,141.46,140.57,0.21,158616,0.91,7.87,1.71,160820
25,C14H14N6O,cod-7050052,monoclinic,m,9,Cc,2x1x1,474163200,59270400,SG9/SG9_cod_database_code_7050052.cif,3383.115,3376.685,1.04,621676,5.655,124.84,16.255,161114
26,Se4TiZr,cod-1523424,monoclinic,2/m,10,P2/m,2x3x1,27720,1196,SG10/SG10_cod_database_code_1523424.cif,3.09,1.465,0.185,141958,0.04,0.02,0.02,38752
27,C9H18IN2P,cod-7706109,monoclinic,2/m,11,P2_1/m,2x2x1,21840,1365,SG11/SG11_cod_database_code_7706109.cif,2.785,1.175,0.175,141778,0.085,0.06,0.015,37266
28,C15H20F3N4O3PS3,cod-7118621,monoclinic,2/m,11,P2_1/m,1x1x1,6912,1728,SG11/SG11_cod_database_code_7118621.cif,1.75,1.305,0.145,142686,0.03,0.005,0.015,37996
29,C11H11NO2,cod-4514248,monoclinic,2/m,11,P2_1/m,2x3x1,15840,672,SG11/SG11_cod_database_code_4514248.cif,1.69,1.235,0.14,144274,0.105,0.08,0.01,35862
30,Ca2Mg5O24Si8,cod-9015250,monoclinic,2/m,12,C2/m,1x1x1,9408,1176,SG12/SG12_cod_database_code_9015250.cif,3.11,1.51,0.19,142424,0.035,0.01,0.01,36974
31,Lu2O7Si2,cod-8100597,monoclinic,2/m,12,C2/m,2x1x1,4032,504,SG12/SG12_cod_database_code_8100597.cif,1.95,1.475,0.15,142416,0.03,0.015,0.025,35894
32,Cu2H5NaO10S2,cod-9008379,monoclinic,2/m,12,C2/m,1x3x3,1251677700,17413985,SG12/SG12_cod_database_code_9008379.cif,1552.86,1549.095,0.505,142528,12.49,438.38,30.56,180732
33,H8O13P2Zn4,cod-9009446,monoclinic,2/m,13,P2/c,3x1x1,4752000,396000,SG13/SG13_cod_database_code_9009446.cif,11.595,9.725,0.28,143970,0.24,0.86,0.42,101280
34,C6H10ErNO8,cod-7707096,monoclinic,2/m,13,P2/c,2x1x1,23708160,2963520,SG13/SG13_cod_database_code_7707096.cif,108.89,108.01,0.31,171918,0.585,3.74,1,160418
35,MgNa2O12Si5,cod-9011579,monoclinic,2/m,13,P2/c,1x3x1,7920,720,SG13/SG13_cod_database_code_9011579.cif,2.24,1.64,0.2,142124,0.045,0.025,0.015,36986
36,C12H14O2S,cod-8101992,monoclinic,2/m,14,P2_1/c,2x1x2,102960,6435,SG14/SG14_cod_database_code_8101992.cif,3.345,1.68,0.195,150148,0.17,0.18,0.07,43006
37,C24H18Cl4N4O4,cod-7117534,monoclinic,2/m,14,P2_1/c,2x1x1,94080,11760,SG14/SG14_cod_database_code_7117534.cif,1.8,1.39,0.125,143220,0.075,0.125,0.085,44630
38,BaNaSbSe3,cod-7123275,monoclinic,2/m,14,P2_1/c,1x1x2,17561600,2195200,SG14/SG14_cod_database_code_7123275.cif,100.25,99.635,0.215,170118,0.5,2.74,0.54,160494
39,C10H10Br6CuN2,cod-4511661,monoclinic,2/m,15,C2/c,3x1x1,3060288,127512,SG15/SG15_cod_database_code_4511661.cif,10.165,8.695,0.19,149092,0.31,0.92,0.35,77122
40,C16H24Ag4N12,cod-4500337,monoclinic,2/m,15,C2/c,2x1x1,18345600,1146600,SG15/SG15_cod_database_code_4500337.cif,39.395,38.74,0.205,150316,0.65,4.39,1.105,154212
41,FeO3Si,cod-9001629,monoclinic,2/m,15,C2/c,1x1x3,27720,1170,SG15/SG15_cod_database_code_9001629.cif,1.59,1.135,0.145,141390,0.075,0.065,0.02,39756
42,C16H12Cd2N10S4,cod-7017725,orthorhombic,222,18,P2_12_12,2x1x2,480480,30030,SG18/SG18_cod_database_code_7017725.cif,4.22,2.505,0.175,144568,0.22,0.285,0.09,46654
43,C18.12H29F6O6.08,cod-7203133,orthorhombic,222,18,P2_12_12,1x3x1,110880,9240,SG18/SG18_cod_database_code_7203133.cif,1.755,1.36,0.105,142992,0.135,0.12,0.025,42894
44,C15H16N2O,cod-1519896,orthorhombic,222,18,P2_12_12,3x1x2,235350720,9806280,SG18/SG18_cod_database_code_1519896.cif,49.02,48.475,0.175,197370,2.69,77.78,5.775,157440
45,C14H13NO2,cod-2229823,orthorhombic,222,19,P2_12_12_1,2x1x1,1411200,176400,SG19/SG19_cod_database_code_2229823.cif,10.54,9.835,0.18,144576,0.19,0.425,0.21,66744
46,C2H12Cl5FeN2O,cod-4320149,orthorhombic,222,19,P2_12_12_1,2x1x1,564480,70560,SG19/SG19_cod_database_code_4320149.cif,4.29,3.715,0.165,144122,0.115,0.15,0.1,52130
47,C2H2F3NO,cod-2002966,orthorhombic,222,19,P2_12_12_1,3x1x2,7907784192,329491008,SG19/SG19_cod_database_code_2002966.cif,10046.66,10036.455,2.38,998976,85.835,2042.22,260.93,221080
48,C5H9ErN2O8,cod-1562664,orthorhombic,222,20,C222_1,1x2x2,172972800,5405400,SG20/SG20_cod_database_code_1562664.cif,82.835,82.21,0.16,161354,2.35,57.725,4.625,177896
49,BeO6P2,cod-8103591,orthorhombic,222,20,C222_1,1x1x3,7939164288,330798512,SG20/SG20_cod_database_code_8103591.cif,9687.94,9675.22,2.73,177496,125.79,5628.49,349.04,214120
50,C12H12ErNaO12,cod-4328207,orthorhombic,222,20,C222_1,1x1x2,7207200,450450,SG20/SG20_cod_database_code_4328207.cif,11.145,10.085,0.185,141850,0.33,1.265,0.465,93650
51,BiCo2O8.25Sr3,cod-2103256,orthorhombic,222,21,C222,1x2x1,43680,2730,SG21/SG21_cod_database_code_2103256.cif,1.74,1.32,0.14,148342,0.225,0.185,0.04,41746
52,C22H20ClI4S12,cod-7210186,orthorhombic,222,21,C222,2x1x1,4122518400,257657400,SG21/SG21_cod_database_code_7210186.cif,1527.385,1526.395,0.305,155646,36.485,1227.3,89.985,183376
53,C46H32Cl2CoN4,cod-7707338,orthorhombic,222,23,I222,2x1x1,20180160,1261260,SG23/SG23_cod_database_code_7707338.cif,17.32,15.855,0.175,145652,0.695,2.795,0.56,120142
54,BPS4,cod-7209475,orthorhombic,222,23,I222,3x1x1,3530260800,147155184,SG23/SG23_cod_database_code_7209475.cif,714.33,712.565,1.695,1261868,48.575,1111.125,141.915,179154
55,C7H11LaN10O6,cod-7212070,orthorhombic,222,24,I2_12_12_1,2x1x1,29120,1820,SG24/SG24_cod_database_code_7212070.cif,1.785,1.36,0.165,145574,0.15,0.135,0.025,41700
56,O8PbSe2U,cod-4317667,orthorhombic,mm2,26,Pmc2_1,1x2x2,84084000,5255250,SG26/SG26_cod_database_code_4317667.cif,159.29,158.775,0.13,149452,1.18,21.455,2.315,156002
57,BaCeS6Sn2,cod-4337237,orthorhombic,mm2,26,Pmc2_1,1x3x2,23522400,1960200,SG26/SG26_cod_database_code_4337237.cif,112.96,112.295,0.16,144322,1.07,7.58,1.145,179738
58,C6H2O4PbS,cod-1561314,orthorhombic,mm2,26,Pmc2_1,1x2x3,1961256,81950,SG26/SG26_cod_database_code_1561314.cif,16.415,15.905,0.15,143390,0.355,0.57,0.08,55524
59,CaH11Na2O17.5P4,cod-1007179,orthorhombic,mm2,28,Pma2,2x1x1,470400,58800,SG28/SG28_cod_database_code_1007179.cif,4.45,4.04,0.12,143884,0.09,0.16,0.1,49594
60,H6Na2O18Si6Zr,cod-1542067,orthorhombic,mm2,28,Pma2,1x3x1,29937600,2494800,SG28/SG28_cod_database_code_1542067.cif,178.045,177.195,0.29,143252,0.675,8.585,1.195,151256
61,C6N10O8,cod-4126429,orthorhombic,mm2,29,Pca2_1,2x1x2,7687680,480480,SG29/SG29_cod_database_code_4126429.cif,16.865,16.47,0.12,149752,0.435,1.345,0.32,143134
62,C5H5Br2N,cod-1516637,orthorhombic,mm2,29,Pca2_1,1x2x1,47040,5880,SG29/SG29_cod_database_code_1516637.cif,1.855,1.375,0.14,142396,0.05,0.035,0.02,41520
63,C14H9N3O,cod-7119143,orthorhombic,mm2,29,Pca2_1,2x2x1,691891200,43243200,SG29/SG29_cod_database_code_7119143.cif,2096.435,2095.32,0.36,155612,11.83,512.07,27.815,177822
64,Nb5O16Sr5,cod-2002350,orthorhombic,mm2,31,Pmn2_1,2x1x2,156800,9940,SG31/SG31_cod_database_code_2002350.cif,1.915,1.415,0.145,142750,0.085,0.07,0.05,44024
65,K6Lu2O18Si6,cod-1539721,orthorhombic,mm2,31,Pmn2_1,3x2x1,1307504,54484,SG31/SG31_cod_database_code_1539721.cif,7.575,7.025,0.15,144634,0.455,0.615,0.145,51464
66,C6H20NNdO13S,cod-1562960,orthorhombic,mm2,32,Pba2,1x1x3,1317254400,109771200,SG32/SG32_cod_database_code_1562960.cif,3259.1,3255.015,2.05,480892,21.74,630.39,36.065,163216
67,C19H22N2O4,cod-2218423,orthorhombic,mm2,32,Pba2,1x2x2,215255040,13453440,SG32/SG32_cod_database_code_2218423.cif,44.63,44.065,0.15,148400,4.105,43.62,6.26,210938
68,C24H20S4Sn,cod-7204933,orthorhombic,mm2,32,Pba2,1x3x1,52272,4356,SG32/SG32_cod_database_code_7204933.cif,2.015,1.53,0.155,146376,0.13,0.115,0.015,40356
69,C7H14IN5S2,cod-4000694,orthorhombic,mm2,33,Pna2_1,2x1x1,23520,2940,SG33/SG33_cod_database_code_4000694.cif,1.69,1.185,0.16,144178,0.08,0.05,0.025,41128
70,C13H9ClN2O,cod-2237903,orthorhombic,mm2,33,Pna2_1,1x2x2,183040,11440,SG33/SG33_cod_database_code_2237903.cif,2.26,1.8,0.145,147596,0.26,0.29,0.07,44388
71,LiO4PPb,cod-8104289,orthorhombic,mm2,33,Pna2_1,2x1x1,9408,1176,SG33/SG33_cod_database_code_8104289.cif,1.64,1.24,0.145,142570,0.05,0.025,0.015,38918
72,B3H2O7.5Pb2,cod-4335617,orthorhombic,mm2,34,Pnn2,1x1x2,9408,1176,SG34/SG34_cod_database_code_4335617.cif,1.685,1.295,0.125,142628,0.055,0.025,0.02,37858
73,H4O10Si2Zn4,cod-1549523,orthorhombic,mm2,34,Pnn2,2x1x1,141120,17640,SG34/SG34_cod_database_code_1549523.cif,2.735,2.25,0.14,141772,0.05,0.015,0.04,44242
74,Al2Br8Ti,cod-1535640,orthorhombic,mm2,34,Pnn2,1x3x1,47044800,3920400,SG34/SG34_cod_database_code_1535640.cif,250.76,249.87,0.185,185020,0.795,11.255,1.49,162336
75,F11H12N3Sn3,cod-1518101,orthorhombic,mm2,35,Cmm2,3x1x1,178474296,7440356,SG35/SG35_cod_database_code_1518101.cif,1855.345,1850.255,3.1,4349158,2.385,74.8,5,182138
76,C20H20CdN6O8,cod-1517037,orthorhombic,mm2,35,Cmm2,1x1x3,831600,69600,SG35/SG35_cod_database_code_1517037.cif,2.47,1.9,0.175,147600,0.23,0.635,0.245,51872
77,C24H26O3,cod-2219761,orthorhombic,mm2,36,Cmc2_1,1x1x2,2038400,127400,SG36/SG36_cod_database_code_2219761.cif,4.635,4.25,0.16,150500,0.365,0.675,0.28,61232
78,C11H21AuCl4N2,cod-7020779,orthorhombic,mm2,36,Cmc2_1,1x1x2,1881600,125440,SG36/SG36_cod_database_code_7020779.cif,8.4,8.055,0.115,145700,0.275,0.56,0.17,65960
79,BaF4Zn,cod-1000421,orthorhombic,mm2,36,Cmc2_1,2x1x3,19612560,414810,SG36/SG36_cod_database_code_1000421.cif,13.325,12.97,0.135,169064,0.57,3.47,0.58,99658
80,C11H11BFe0.5N3S2,cod-7700067,orthorhombic,mm2,37,Ccc2,1x1x1,15680,1960,SG37/SG37_cod_database_code_7700067.cif,1.685,1.24,0.13,144950,0.08,0.06,0.015,37034
81,C16H20MnN2O6,cod-7023295,orthorhombic,mm2,37,Ccc2,1x2x1,3843840,240240,SG37/SG37_cod_database_code_7023295.cif,11,10.615,0.155,146714,0.345,1.09,0.23,85422
82,C12H8Br2O,cod-2102645,orthorhombic,mm2,37,Ccc2,2x1x1,10090080,630630,SG37/SG37_cod_database_code_2102645.cif,14.105,13.745,0.125,145084,0.34,1.54,0.275,100610
83,C5H15Br3N2O0.5Rb,cod-2243036,orthorhombic,mm2,38,Amm2,1x1x2,6585600,823200,SG38/SG38_cod_database_code_2243036.cif,15.625,15.11,0.215,147294,0.425,2.145,0.46,159926
84,C2HoNi,cod-1540778,orthorhombic,mm2,38,Amm2,1x2x1,6720,840,SG38/SG38_cod_database_code_1540778.cif,2.115,1.64,0.21,142028,0.025,0.005,0.01,37860
85,C18H18AuCl5N2,cod-7702880,orthorhombic,mm2,39,Aem2,1x1x1,564480,70560,SG39/SG39_cod_database_code_7702880.cif,5.6,5.18,0.12,143334,0.125,0.285,0.395,54516
86,O8Se2VY,cod-4337088,orthorhombic,mm2,39,Aem2,2x1x2,2018016,126126,SG39/SG39_cod_database_code_4337088.cif,2.545,2.205,0.115,145352,0.25,0.515,0.135,59110
87,Bi2O5Se,cod-8100904,orthorhombic,mm2,39,Aem2,1x2x1,14676480,917280,SG39/SG39_cod_database_code_8100904.cif,42.47,41.98,0.135,145444,0.45,2.24,0.59,156540
88,B7Li5O14Rb2,cod-7208643,orthorhombic,mm2,40,Ama2,2x1x2,225792840,7058814,SG40/SG40_cod_database_code_7208643.cif,829.39,828.6,0.205,149070,3.32,86.985,6.095,172414
89,C12H8O7W,cod-4089612,orthorhombic,mm2,40,Ama2,3x1x1,425040,17710,SG40/SG40_cod_database_code_4089612.cif,2.155,1.6,0.15,144690,0.25,0.39,0.165,46844
90,Cu2NaNbS4,cod-4030898,orthorhombic,mm2,40,Ama2,1x2x1,6054048000,378554400,SG40/SG40_cod_database_code_4030898.cif,1692.36,1691.155,0.305,158546,65.82,2411.415,137.965,185224
91,C14H12Ag2N8S2,cod-7207331,orthorhombic,mm2,41,Aea2,1x3x1,658982016,27457584,SG41/SG41_cod_database_code_7207331.cif,646.925,645.22,0.43,177686,6.805,233.845,16.39,162242
92,C16H24B2FeN6,cod-7036967,orthorhombic,mm2,41,Aea2,2x1x1,691891200,43243200,SG41/SG41_cod_database_code_7036967.cif,364.955,363.875,0.35,149692,10.285,361.055,26.705,185894
93,C3H22Ca2O22U,cod-9009613,orthorhombic,mm2,41,Aea2,1x2x1,20180160,1261260,SG41/SG41_cod_database_code_9009613.cif,17.475,16.82,0.215,150098,0.645,6.22,0.61,118526
94,C3H8ErN9O5,cod-7004544,orthorhombic,mm2,42,Fmm2,3x1x1,16831584,351624,SG42/SG42_cod_database_code_7004544.cif,19.99,19.29,0.37,526740,1.245,4.21,0.995,90338
95,EuS,cod-1520921,orthorhombic,mm2,42,Fmm2,2x1x1,121080960,3794630,SG42/SG42_cod_database_code_1520921.cif,126.935,126.42,0.145,146096,1.765,20.97,2.635,151496
96,C3H10EuN9O5,cod-7004545,orthorhombic,mm2,42,Fmm2,1x1x1,26880,3360,SG42/SG42_cod_database_code_7004545.cif,1.865,1.37,0.13,142902,0.05,0.035,0.015,37134
97,C22H26N2O6,cod-2228890,orthorhombic,mm2,43,Fdd2,1x1x1,291491200,18218200,SG43/SG43_cod_database_code_2228890.cif,59.565,58.84,0.2,150586,3.795,144.755,9.475,175648
98,C14H8Cd3N10O2S6,cod-4511461,orthorhombic,mm2,43,Fdd2,1x1x1,2242240,140140,SG43/SG43_cod_database_code_4511461.cif,6.22,5.65,0.14,150880,0.24,0.55,0.135,64544
99,C2H7N7O3,cod-4331493,orthorhombic,mm2,43,Fdd2,1x1x1,23063040,1441440,SG43/SG43_cod_database_code_4331493.cif,8.37,7.925,0.145,149446,0.69,3.845,0.98,177970
100,O2Si,cod-4002433,orthorhombic,mm2,44,Imm2,1x1x3,2744280,117810,SG44/SG44_cod_database_code_4002433.cif,2.31,1.885,0.16,144998,0.265,0.58,0.13,58754
101,Fe8In32S65,cod-7044830,orthorhombic,mm2,44,Imm2,1x2x1,3766963200,235435200,SG44/SG44_cod_database_code_7044830.cif,942.945,941.665,0.225,155512,59.79,2651.145,87.52,179110
102,CsNa3O16P4,cod-9015748,orthorhombic,mm2,44,Imm2,1x3x1,1663200,138600,SG44/SG44_cod_database_code_9015748.cif,6.44,5.83,0.165,142854,0.19,0.465,0.215,62460
103,H8Na8O36P8V4,cod-7707707,orthorhombic,mm2,45,Iba2,1x2x1,3603600,225225,SG45/SG45_cod_database_code_7707707.cif,7.12,6.74,0.14,144788,0.38,0.905,0.215,77432
104,B5CuO10Tm,cod-7209484,orthorhombic,mm2,45,Iba2,1x1x1,26342400,3292800,SG45/SG45_cod_database_code_7209484.cif,117.905,117.35,0.14,146820,1.085,5.185,0.95,160540
105,C12H16Er2O20,cod-7100514,orthorhombic,mm2,45,Iba2,1x1x1,9408,1176,SG45/SG45_cod_database_code_7100514.cif,1.665,1.18,0.13,142660,0.115,0.055,0.015,34746
106,C2H8Br2N2Zn,cod-2012041,orthorhombic,mm2,46,Ima2,2x2x1,400400,12893,SG46/SG46_cod_database_code_2012041.cif,2.11,1.58,0.145,149220,0.545,0.57,0.03,43452
107,C6H8NNaO5,cod-7220791,orthorhombic,mm2,46,Ima2,2x1x1,70560,4490,SG46/SG46_cod_database_code_7220791.cif,1.91,1.355,0.17,142936,0.08,0.06,0.025,41294
108,I3KO13V2,cod-4105915,orthorhombic,mm2,46,Ima2,1x1x2,5268480,658560,SG46/SG46_cod_database_code_4105915.cif,40.715,40.075,0.35,171618,0.355,1.18,0.38,142542
109,Ba4Cu6O13Y2,cod-1534906,orthorhombic,mmm,47,Pmmm,2x3x1,2665000800,55545000,SG47/SG47_cod_database_code_1534906.cif,312.665,311.985,0.28,290984,24.875,1170.12,71.205,180152
110,Ba2Cu3O7Y,cod-1008484,orthorhombic,mmm,47,Pmmm,1x1x3,21600,3600,SG47/SG47_cod_database_code_1008484.cif,1.88,1.37,0.15,142164,0.035,0.01,0.02,40112
111,Eu0.5O3Ta,cod-4031495,orthorhombic,mmm,47,Pmmm,2x1x2,1128960,70560,SG47/SG47_cod_database_code_4031495.cif,12.905,12.535,0.14,152764,0.09,0.405,0.255,53684
112,C28H36Cl2CoN4,cod-1558598,orthorhombic,mmm,48,Pnnn,1x1x1,13440,1680,SG48/SG48_cod_database_code_1558598.cif,2.015,1.41,0.13,141832,0.055,0.04,0.015,40748
113,O2Si,cod-4124070,orthorhombic,mmm,50,Pban,1x3x3,254186856,3534972,SG50/SG50_cod_database_code_4124070.cif,374.42,373.465,0.22,142104,5.17,49.835,6.865,169088
114,O3TeTl2,cod-4306939,orthorhombic,mmm,50,Pban,3x1x1,5935938624,247330776,SG50/SG50_cod_database_code_4306939.cif,954.815,951.71,1.685,195436,87.885,1423.995,180.805,284338
115,AuITe2,cod-1510184,orthorhombic,mmm,51,Pmma,2x1x2,112896000,3528000,SG51/SG51_cod_database_code_1510184.cif,192.215,191.6,0.205,240536,1.625,49.57,3.465,106012
116,Au3Rb2Tl,cod-4302645,orthorhombic,mmm,51,Pmma,1x3x1,1296000,54000,SG51/SG51_cod_database_code_4302645.cif,4.09,3.59,0.135,182032,0.075,0.24,0.09,50234
117,IrW,cod-1523681,orthorhombic,mmm,51,Pmma,2x3x1,23760,533,SG51/SG51_cod_database_code_1523681.cif,1.43,1.055,0.145,142572,0.03,0.02,0.015,40456
118,Li6Nb2O11Sr3,cod-4306194,orthorhombic,mmm,51,Pmma,1x2x3,109830336,4576278,SG51/SG51_cod_database_code_4306194.cif,27.075,26.665,0.175,175650,2.075,48.1,3.43,156502
119,CHClCuN1.5,cod-4350530,orthorhombic,mmm,52,Pnna,2x2x2,178361600,2788040,SG52/SG52_cod_database_code_4350530.cif,14.8,14.39,0.175,200700,5.075,116.49,9.305,254256
120,K2O5Zr2,cod-1528513,orthorhombic,mmm,52,Pnna,1x1x3,33264,2772,SG52/SG52_cod_database_code_1528513.cif,1.66,1.145,0.18,141062,0.1,0.085,0.015,41704
121,BiO4Ta,cod-1532721,orthorhombic,mmm,52,Pnna,1x1x3,10626,484,SG52/SG52_cod_database_code_1532721.cif,1.415,1.065,0.12,141320,0.075,0.055,0.015,39570
122,NdO14P5,cod-1560966,orthorhombic,mmm,53,Pmna,1x1x2,121080960,7567560,SG53/SG53_cod_database_code_1560966.cif,246.65,245.975,0.17,143468,1.675,48.235,3.265,159068
123,C12H6F2FeN8Pt,cod-4349105,orthorhombic,mmm,53,Pmna,1x3x2,2496144,104006,SG53/SG53_cod_database_code_4349105.cif,21.52,21.005,0.13,143088,0.495,0.88,0.135,61206
124,H4N4,cod-4031568,orthorhombic,mmm,53,Pmna,1x1x2,3321077760,207567360,SG53/SG53_cod_database_code_4031568.cif,1137.825,1136.94,0.26,227262,34.695,1424.58,79.405,163702
125,Au2Cd2Rb2S4,cod-1510376,orthorhombic,mmm,54,Pcca,1x1x3,112210560,4675440,SG54/SG54_cod_database_code_1510376.cif,18.585,18.215,0.135,144552,2.39,63.98,5.065,180424
126,C11H14CdN4,cod-4513059,orthorhombic,mmm,54,Pcca,2x2x1,3365856,105183,SG54/SG54_cod_database_code_4513059.cif,8.81,8.41,0.16,150086,0.665,1.3,0.15,60314
127,O2Si,cod-4124082,orthorhombic,mmm,54,Pcca,2x1x2,10090080,318360,SG54/SG54_cod_database_code_4124082.cif,8.055,7.57,0.135,144670,0.265,1.505,0.28,75912
128,Ce4O4S3,cod-2106910,orthorhombic,mmm,55,Pbam,2x1x3,83160,1806,SG55/SG55_cod_database_code_2106910.cif,1.535,1.175,0.135,142876,0.125,0.09,0.05,41698
129,C2O4Rb2,cod-4313231,orthorhombic,mmm,55,Pbam,2x2x2,8485840800,265182525,SG55/SG55_cod_database_code_4313231.cif,6811.91,6802.74,7.34,12576378,98.59,3861.65,212.015,185330
130,H20N4O2P4S8,cod-1528469,orthorhombic,mmm,55,Pbam,1x2x3,2496144,52486,SG55/SG55_cod_database_code_1528469.cif,12.145,11.585,0.175,147456,0.76,1.24,0.16,50738
131,BaS5Sn2,cod-4331672,orthorhombic,mmm,56,Pccn,2x3x1,3926434512,81807334,SG56/SG56_cod_database_code_4331672.cif,270.85,270.025,0.42,289958,55.57,1016.265,80.67,163548
132,C2H6N10O6Pb2,cod-7232085,orthorhombic,mmm,56,Pccn,1x2x1,4804800,300300,SG56/SG56_cod_database_code_7232085.cif,10.725,10.15,0.15,172614,0.315,0.735,0.195,91412
133,Li4Re6S11,cod-1008693,orthorhombic,mmm,56,Pccn,1x2x1,302702400,18918900,SG56/SG56_cod_database_code_1008693.cif,353.68,352.875,0.165,143282,3.435,50.24,6.045,159912
134,CH4CuN3,cod-2310369,orthorhombic,mmm,57,Pbcm,2x2x2,10518300,169396,SG57/SG57_cod_database_code_2310369.cif,15.13,14.585,0.195,143400,0.625,3.31,0.485,67980
135,AuNa2O2Rb,cod-1510249,orthorhombic,mmm,58,Pnnm,1x2x1,6720,840,SG58/SG58_cod_database_code_1510249.cif,2.205,1.615,0.2,141644,0.03,0.01,0.01,36794
136,FeSb2,cod-9012580,orthorhombic,mmm,58,Pnnm,2x3x1,701316,29370,SG58/SG58_cod_database_code_9012580.cif,2.87,2.37,0.19,142486,0.11,0.35,0.22,50242
137,CuSe2,cod-9009853,orthorhombic,mmm,58,Pnnm,3x2x2,910945728,9607182,SG58/SG58_cod_database_code_9009853.cif,42.08,41.55,0.22,184188,30.5,1120.535,80.085,278632
138,AlLi5O4,cod-1528092,orthorhombic,mmm,59,Pmmn,3x3x2,600805296,4188288,SG59/SG59_cod_database_code_1528092.cif,424.13,420.615,0.46,145098,8.975,200.555,15.28,172826
139,C6H16Br2N2O,cod-4501124,orthorhombic,mmm,59,Pmmn,1x2x1,940800,58800,SG59/SG59_cod_database_code_4501124.cif,2.875,2.275,0.195,142898,0.115,0.345,0.115,53620
140,H2In2O19P6,cod-8103789,orthorhombic,mmm,59,Pmmn,3x1x3,12252240,341060,SG59/SG59_cod_database_code_8103789.cif,11.72,11.085,0.265,149404,1.56,4.22,0.72,78660
141,B2Eu2GeO8,cod-7025367,orthorhombic,mmm,60,Pbcn,1x1x3,3294910080,137287920,SG60/SG60_cod_database_code_7025367.cif,3201.8,3198.24,1.075,213068,29.305,1389.435,86.23,157302
142,O2Re,cod-9009092,orthorhombic,mmm,60,Pbcn,3x2x1,3018791952,62891499,SG60/SG60_cod_database_code_9009092.cif,1213.765,1207.96,4.44,5307060,45.065,1986.94,124.215,213294
143,C14H9NO2,cod-2221069,orthorhombic,mmm,60,Pbcn,2x1x1,50450400,3153150,SG60/SG60_cod_database_code_2221069.cif,19.22,18.4,0.225,144930,0.785,12.95,1.095,128968
144,C10H10Cl4Cr2,cod-7009280,orthorhombic,mmm,61,Pbca,3x1x1,109830336,4576278,SG61/SG61_cod_database_code_7009280.cif,24.76,24.235,0.15,177388,1.685,31.575,2.99,148992
145,Cl2N4S6,cod-4031497,orthorhombic,mmm,61,Pbca,1x3x2,194580,4166,SG61/SG61_cod_database_code_4031497.cif,1.98,1.575,0.15,143146,0.605,0.665,0.065,44484
146,B4CoO7,cod-1511654,orthorhombic,mmm,61,Pbca,1x1x1,3951360,493920,SG61/SG61_cod_database_code_1511654.cif,19.255,18.735,0.155,145078,0.29,0.925,0.535,115434
147,CH0I3NPb,cod-7239521,orthorhombic,mmm,62,Pnma,2x1x1,282240,35280,SG62/SG62_cod_database_code_7239521.cif,3.695,3.305,0.13,144194,0.06,0.095,0.06,48212
148,Li2MnO12P4,cod-2239107,orthorhombic,mmm,62,Pnma,1x2x3,2471182560,51652260,SG62/SG62_cod_database_code_2239107.cif,1113.175,1112.1,0.25,174186,25.195,791.3,58.005,160870
149,FeGdO3,cod-1528359,orthorhombic,mmm,62,Pnma,3x1x3,1947792,27857,SG62/SG62_cod_database_code_1528359.cif,3.2,2.72,0.12,143640,0.57,0.98,0.275,48526
150,Mn5Si3,cod-7222431,orthorhombic,mmm,63,Cmcm,1x2x2,720720,11830,SG63/SG63_cod_database_code_7222431.cif,2.32,1.83,0.145,142612,0.185,0.245,0.05,43562
151,C11H8CoN6O3,cod-7229238,orthorhombic,mmm,63,Cmcm,1x1x2,2882880,180180,SG63/SG63_cod_database_code_7229238.cif,7.355,6.96,0.145,148628,0.6,1.08,0.205,67408
152,AlF4Na,cod-1544381,orthorhombic,mmm,63,Cmcm,1x2x3,1634533824,34053448,SG63/SG63_cod_database_code_1544381.cif,125.055,124.48,0.43,251540,22.815,911.875,54.505,215030
153,Ge4Na4S10,cod-1538474,orthorhombic,mmm,63,Cmcm,1x2x1,864864000,28828800,SG63/SG63_cod_database_code_1538474.cif,333.23,332.455,0.205,157496,8.79,360.46,22.005,177278
154,Dy2Ni7Sn3,cod-2016598,orthorhombic,mmm,64,Cmce,1x3x1,1307504,54484,SG64/SG64_cod_database_code_2016598.cif,8.225,7.72,0.155,141528,0.45,0.815,0.315,49242
155,As6K6Na4Sn2,cod-1008873,orthorhombic,mmm,64,Cmce,1x1x1,3951360,246960,SG64/SG64_cod_database_code_1008873.cif,6.98,6.555,0.15,142852,0.195,0.805,0.345,74530
156,CdCl2N2,cod-9015814,orthorhombic,mmm,65,Cmmm,2x1x2,50400,1814,SG65/SG65_cod_database_code_9015814.cif,2.005,1.61,0.155,142500,0.05,0.035,0.02,42316
157,C10H8CdI2N2,cod-7216336,orthorhombic,mmm,65,Cmmm,1x3x1,252473760,10519740,SG65/SG65_cod_database_code_7216336.cif,38.275,37.645,0.215,153638,4.46,127.26,9.02,180084
158,Co2La3Sn7,cod-1524263,orthorhombic,mmm,65,Cmmm,3x2x1,32449872,678062,SG65/SG65_cod_database_code_1524263.cif,29.355,28.755,0.165,181886,0.84,8.73,1.275,112288
159,Al4Mg2O18Si5,cod-9005804,orthorhombic,mmm,66,Cccm,1x1x2,2356099200,73628100,SG66/SG66_cod_database_code_9005804.cif,355.75,354.075,0.655,716926,33.38,1328.52,72.825,180062
160,I3Th,cod-1008186,orthorhombic,mmm,66,Cccm,2x1x1,91520,2860,SG66/SG66_cod_database_code_1008186.cif,2.31,1.84,0.13,142006,0.135,0.11,0.035,42354
161,BaIn2Te4,cod-1536658,orthorhombic,mmm,66,Cccm,3x1x1,2141691552,44641324,SG66/SG66_cod_database_code_1536658.cif,159.98,159.05,0.345,234224,28,1135.645,52.45,161768
162,C,cod-9012231,orthorhombic,mmm,67,Cmme,2x2x1,84146400,1336807,SG67/SG67_cod_database_code_9012231.cif,32.515,31.785,0.315,252074,1.48,30.1,2.62,140414
163,C14H24N4Ni2O8,cod-2201224,orthorhombic,mmm,67,Cmme,2x1x1,48048,1603,SG67/SG67_cod_database_code_2201224.cif,2.42,1.88,0.25,146448,0.415,0.39,0.025,41852
164,Pd4Sn16,cod-1536196,orthorhombic,mmm,68,Ccce,1x3x1,110880,4656,SG68/SG68_cod_database_code_1536196.cif,1.895,1.375,0.14,141104,0.14,0.1,0.045,40204
165,Cl2O4Sr,cod-2207380,orthorhombic,mmm,68,Ccce,1x1x1,131040,8190,SG68/SG68_cod_database_code_2207380.cif,2.02,1.58,0.14,141516,0.055,0.065,0.02,44050
166,C4H4ClN2Zn0.5,cod-4350272,orthorhombic,mmm,68,Ccce,3x1x1,6540715896,136292365,SG68/SG68_cod_database_code_4350272.cif,7939.545,7928.735,2.165,142728,76.675,2980.485,190.93,216384
167,P6Rb4,cod-1539581,orthorhombic,mmm,69,Fmmm,1x1x2,8245036800,128991450,SG69/SG69_cod_database_code_1539581.cif,444.33,442.7,0.385,149076,76.94,2894.205,195.015,120874
168,Cs2Pt3Se6U,cod-4328807,orthorhombic,mmm,69,Fmmm,2x1x1,347373600,10855425,SG69/SG69_cod_database_code_4328807.cif,1457.71,1453.22,1.41,143538,4.8,146.455,9.425,177096
169,Ag2Ca4Si6,cod-1509769,orthorhombic,mmm,69,Fmmm,1x2x2,2261855232,35341488,SG69/SG69_cod_database_code_1509769.cif,380.265,377.8,1.285,1217732,31.835,1228,76.45,264888
170,EuGeS4Zn,cod-7227463,orthorhombic,mmm,70,Fddd,1x1x2,80080,1353,SG70/SG70_cod_database_code_7227463.cif,1.87,1.495,0.13,147148,1.195,1.175,0.025,43422
171,C5H12NdO10,cod-7200149,orthorhombic,mmm,70,Fddd,1x1x1,7207200,227370,SG70/SG70_cod_database_code_7200149.cif,6.445,6.03,0.16,148206,0.65,1.64,0.33,74488
172,B2GdIr2,cod-1510703,orthorhombic,mmm,70,Fddd,1x3x1,12271512,134542,SG70/SG70_cod_database_code_1510703.cif,6.815,6.43,0.13,142598,0.695,3.765,0.59,76074
173,B2Ce3N4,cod-1510979,orthorhombic,mmm,71,Immm,2x1x3,63756,1544,SG71/SG71_cod_database_code_1510979.cif,1.605,1.195,0.155,141962,0.18,0.17,0.02,43600
174,Bi7Nd3,cod-7121799,orthorhombic,mmm,71,Immm,1x1x3,178200,14880,SG71/SG71_cod_database_code_7121799.cif,3.305,2.905,0.135,141788,0.125,0.135,0.045,45834
175,MoPt2,cod-1522847,orthorhombic,mmm,71,Immm,3x1x1,831600,34904,SG71/SG71_cod_database_code_1522847.cif,2.115,1.615,0.13,142788,0.09,0.195,0.205,47470
176,As2Cs2Sn,cod-1008524,orthorhombic,mmm,72,Ibam,2x1x1,1281280,40040,SG72/SG72_cod_database_code_1008524.cif,1.98,1.615,0.105,142184,0.085,0.18,0.07,49372
177,Cs2MnS2,cod-1539893,orthorhombic,mmm,72,Ibam,1x2x3,19612560,208354,SG72/SG72_cod_database_code_1539893.cif,7.705,7.28,0.16,155816,0.625,3.44,0.67,75406
178,Al4H4Li2O20P4Sr,cod-9000452,orthorhombic,mmm,72,Ibam,1x1x1,205470720,12841920,SG72/SG72_cod_database_code_9000452.cif,245.92,245.235,0.185,144826,3.155,82.13,5.91,177896
179,Mg2O4Si,cod-9015858,orthorhombic,mmm,74,Imma,2x2x1,1124323200,17626094,SG74/SG74_cod_database_code_9015858.cif,286.125,285.41,0.195,169162,12.615,517.6,32.23,177502
180,C2CoF5N3V,cod-7042546,orthorhombic,mmm,74,Imma,1x3x3,175301280,2435880,SG74/SG74_cod_database_code_7042546.cif,27.83,27.295,0.19,216248,5.41,95.3,6.68,164768
181,C2H3F5Fe2N3,cod-7023703,orthorhombic,mmm,74,Imma,1x2x1,7207200,227374,SG74/SG74_cod_database_code_7023703.cif,4.335,3.93,0.16,142478,0.4,1.45,0.295,69936
182,CdClO15Rb4V5,cod-2002827,tetragonal,4,75,P4,3x3x1,7307872110,203007450,SG75/SG75_cod_database_code_2002827.cif,32687.67,32672.395,2.615,143784,74.955,1760.71,227.385,185284
183,KNaO7P2,cod-9016451,tetragonal,4,76,P4_1,2x1x1,65856000,16464000,SG76/SG76_cod_database_code_9016451.cif,241.685,241.09,0.29,163590,1.08,20.68,1.66,160160
184,CH3LaO7S,cod-4331355,tetragonal,4,76,P4_1,1x2x1,8960,2240,SG76/SG76_cod_database_code_4331355.cif,1.745,1.215,0.175,140986,0.045,0.025,0.015,36916
185,CH3EuO7S,cod-4331358,tetragonal,4,76,P4_1,2x2x2,13592880,425145,SG76/SG76_cod_database_code_4331358.cif,6.555,6.145,0.16,158364,1.31,3.645,0.535,97122
186,B2H6MgO7,cod-9011070,tetragonal,4,77,P4_2,2x2x1,403603200,25225200,SG77/SG77_cod_database_code_9011070.cif,87.185,86.455,0.19,146626,5.77,94.775,10.425,177826
187,C14H12N2,cod-8103283,tetragonal,4,78,P4_3,2x1x2,1441440,180180,SG78/SG78_cod_database_code_8103283.cif,2.675,2.205,0.13,148016,0.34,0.695,0.565,63142
188,C10H12N2O3,cod-8102707,tetragonal,4,78,P4_3,3x1x1,13721400,2286900,SG78/SG78_cod_database_code_8102707.cif,10.615,10.225,0.115,146596,0.545,2.53,0.545,161726
189,C8H9NO3S,cod-2226053,tetragonal,4,78,P4_3,3x1x1,31363200,5227200,SG78/SG78_cod_database_code_2226053.cif,356.83,355.81,0.175,185708,1,12.205,1.67,177834
190,C10H16N8O3,cod-2012950,tetragonal,4,80,I4_1,2x1x1,1747200,218400,SG80/SG80_cod_database_code_2012950.cif,11.445,11.02,0.12,145232,0.28,0.615,0.22,85506
191,Ca11O24Re4,cod-7222666,tetragonal,4,80,I4_1,1x3x1,48454560,4037880,SG80/SG80_cod_database_code_7222666.cif,98.66,98,0.165,158810,1.22,16.825,1.68,146926
192,C19H18CdN12O3,cod-2216290,tetragonal,4,80,I4_1,1x1x1,52684800,6585600,SG80/SG80_cod_database_code_2216290.cif,118.995,118.11,0.215,162898,0.87,15.655,1.425,159846
193,C12H16CaCo2N4O16,cod-7203434,tetragonal,-4,81,P-4,1x1x1,13824,3456,SG81/SG81_cod_database_code_7203434.cif,1.8,1.36,0.175,145706,0.04,0.005,0.02,37518
194,Ta,cod-2103918,tetragonal,-4,81,P-4,3x2x1,1377871488,114822624,SG81/SG81_cod_database_code_2103918.cif,688.92,687.45,2.24,1818352,15.745,323.89,35.355,211792
195,C12H16AgBF4N4O2,cod-4505055,tetragonal,-4,81,P-4,2x1x1,4480,1120,SG81/SG81_cod_database_code_4505055.cif,1.6,1.085,0.14,141818,0.04,0.015,0.015,36880
196,C5H6N2,cod-2102095,tetragonal,-4,82,I-4,1x1x1,28224,3528,SG82/SG82_cod_database_code_2102095.cif,1.675,1.325,0.115,143636,0.115,0.085,0.03,38996
197,AlBeClNa4O12Si4,cod-9003376,tetragonal,-4,82,I-4,3x1x3,5623778160,156243360,SG82/SG82_cod_database_code_9003376.cif,1126.36,1122.435,3.3,164600,89.18,2758.21,193.185,182600
198,CdGa2S4,cod-1537372,tetragonal,-4,82,I-4,1x3x1,36000,3008,SG82/SG82_cod_database_code_1537372.cif,1.845,1.31,0.14,142882,0.055,0.035,0.015,38092
199,Ca7Ni4Sn13,cod-1528162,tetragonal,4/m,83,P4/m,1x2x1,188160,47040,SG83/SG83_cod_database_code_1528162.cif,4.525,4.05,0.165,142000,0.06,0.085,0.085,50570
200,CH3CuS,cod-1534886,tetragonal,4/m,84,P4_2/m,2x1x2,449729280,28214024,SG84/SG84_cod_database_code_1534886.cif,388.6,387.235,0.27,152110,4.795,139.865,11.775,177706
201,PdS,cod-1538224,tetragonal,4/m,84,P4_2/m,1x3x2,2356421760,98184240,SG84/SG84_cod_database_code_1538224.cif,3048.45,3036.72,5.745,160046,24.51,580.955,58.735,185730
202,Cl6NaSb,cod-8103949,tetragonal,4/m,84,P4_2/m,1x3x2,60984,2676,SG84/SG84_cod_database_code_8103949.cif,2.505,1.665,0.175,141556,0.14,0.09,0.05,40922
203,O2Si,cod-4124067,tetragonal,4/m,85,P4/n,1x1x1,439040,54880,SG85/SG85_cod_database_code_4124067.cif,2.43,2.065,0.135,142844,0.07,0.095,0.1,53650
204,C24H20CdCl2N8O4,cod-7214553,tetragonal,4/m,85,P4/n,2x2x1,761201280,23788800,SG85/SG85_cod_database_code_7214553.cif,278.78,277.535,0.62,975148,11.105,210.925,26.755,195326
205,MoO5V,cod-1535988,tetragonal,4/m,85,P4/n,2x2x3,6194022912,64521072,SG85/SG85_cod_database_code_1535988.cif,221.02,220.1,0.73,212834,78.255,1765.55,197.99,288124
206,Br8N4P4,cod-2107246,tetragonal,4/m,86,P4_2/n,2x2x1,7758729600,242470200,SG86/SG86_cod_database_code_2107246.cif,3992.195,3985.735,0.675,361212,123.05,5303.15,336.965,263694
207,C24H20N4O10Zr,cod-2231784,tetragonal,4/m,86,P4_2/n,1x2x2,64512240,4035018,SG86/SG86_cod_database_code_2231784.cif,303.115,301.92,0.215,149162,1.52,21.495,2,170442
208,Br3CsIn,cod-4003085,tetragonal,4/m,87,I4/m,1x1x1,752640,47040,SG87/SG87_cod_database_code_4003085.cif,5.925,5.495,0.12,143472,0.145,0.25,0.105,52078
209,NiO6Sr2W,cod-1526460,tetragonal,4/m,87,I4/m,3x1x1,277200,11616,SG87/SG87_cod_database_code_1526460.cif,1.61,1.225,0.145,141988,0.07,0.105,0.03,44020
210,Ba2.67Cl6O8Pb8Sr0.33,cod-7700866,tetragonal,4/m,87,I4/m,1x1x1,47040,2940,SG87/SG87_cod_database_code_7700866.cif,1.58,1.2,0.135,143588,0.15,0.125,0.035,40752
211,C2H2F3I,cod-7122659,tetragonal,4/m,88,I4_1/a,1x1x1,19219200,1201200,SG88/SG88_cod_database_code_7122659.cif,9.905,9.5,0.16,143140,0.525,4.11,0.79,130138
212,O4PbW,cod-9009813,tetragonal,4/m,88,I4_1/a,3x2x2,12271512,129105,SG88/SG88_cod_database_code_9009813.cif,7.835,7.46,0.125,143516,3.54,7.16,0.775,79048
213,F7K3U,cod-2311030,tetragonal,4/m,88,I4_1/a,1x3x1,134596,5900,SG88/SG88_cod_database_code_2311030.cif,1.975,1.49,0.12,141032,0.42,0.42,0.02,44848
214,O2Si,cod-9016249,tetragonal,422,92,P4_12_12,1x3x2,1961256,82016,SG92/SG92_cod_database_code_9016249.cif,11.47,11.09,0.135,141018,0.2,0.465,0.145,54626
215,C2H2O4Sr,cod-2104412,tetragonal,422,92,P4_12_12,1x1x2,146764800,9172800,SG92/SG92_cod_database_code_2104412.cif,407.36,406.77,0.175,152220,2.445,56.92,4.34,160974
216,Ge2O7Y2,cod-1563641,tetragonal,422,92,P4_12_12,1x3x1,16632,1386,SG92/SG92_cod_database_code_1563641.cif,1.54,1.035,0.145,141776,0.12,0.095,0.025,40270
217,C12H13GdNO8.5,cod-7206530,tetragonal,422,95,P4_322,1x2x2,201376,12586,SG95/SG95_cod_database_code_7206530.cif,1.985,1.54,0.18,143260,0.31,0.325,0.04,44428
218,C10H10FeO4P2Zn,cod-7048681,tetragonal,422,95,P4_322,1x1x2,134400,8400,SG95/SG95_cod_database_code_7048681.cif,1.925,1.47,0.14,143268,0.225,0.215,0.03,44500
219,Mn2O4Ti,cod-1008093,tetragonal,422,95,P4_322,2x3x1,6460608,269192,SG95/SG95_cod_database_code_1008093.cif,10.67,10.175,0.175,227930,0.57,1.56,0.575,141660
220,AlH8Na5O8,cod-8104097,tetragonal,422,96,P4_32_12,1x1x2,317990400,19874400,SG96/SG96_cod_database_code_8104097.cif,215.815,215.21,0.17,144332,3.725,136.97,9.295,178878
221,H12NiO10S,cod-9011265,tetragonal,422,96,P4_32_12,2x2x1,1787385600,55858080,SG96/SG96_cod_database_code_9011265.cif,238.495,237.69,0.175,146150,40.605,1625.85,103.07,211090
222,C7H7N7,cod-4500027,tetragonal,422,96,P4_32_12,1x1x3,2018940,84480,SG96/SG96_cod_database_code_4500027.cif,2.735,2.125,0.19,143586,0.425,0.8,0.13,54926
223,C44H68Cl2N8O4Re2,cod-4312052,tetragonal,422,97,I422,2x1x1,2402400,150150,SG97/SG97_cod_database_code_4312052.cif,4.285,3.76,0.16,149112,0.575,0.96,0.245,63064
224,C8H4O5V,cod-4135627,tetragonal,422,98,I4_122,1x2x1,1884879360,117804960,SG98/SG98_cod_database_code_4135627.cif,5586.755,5584.055,0.48,188638,34.085,926.055,79.285,214026
225,O3PbTi,cod-2107524,tetragonal,4mm,99,P4mm,1x2x3,356400,30564,SG99/SG99_cod_database_code_2107524.cif,2.565,2.18,0.15,142928,0.05,0.1,0.06,47802
226,Cl2CuH4O4Pb2,cod-9004395,tetragonal,4mm,99,P4mm,1x3x1,950400,79200,SG99/SG99_cod_database_code_9004395.cif,2.315,1.91,0.17,142270,0.09,0.29,0.265,54040
227,O3PbTi,cod-9011190,tetragonal,4mm,99,P4mm,3x1x3,17781120,988560,SG99/SG99_cod_database_code_9011190.cif,9.48,9.11,0.135,145056,0.545,4.205,0.705,144358
228,H6O10V3,cod-1526958,tetragonal,4mm,100,P4bm,1x3x2,603741600,25161080,SG100/SG100_cod_database_code_1526958.cif,468.01,467.42,1.055,243374,8.645,365.445,21.01,178262
229,F6LiMnV,cod-4030185,tetragonal,4mm,102,P4_2nm,3x1x1,598752000,49896000,SG102/SG102_cod_database_code_4030185.cif,2778.165,2775.64,0.36,262328,6.725,256.355,12.61,160786
230,C10H4Cl8N2Zn,cod-7107904,tetragonal,4mm,102,P4_2nm,1x1x2,110073600,6879600,SG102/SG102_cod_database_code_7107904.cif,232.84,231.495,0.17,152832,1.53,30.845,3.035,158462
231,U,cod-2106190,tetragonal,4mm,102,P4_2nm,2x2x1,67200,2142,SG102/SG102_cod_database_code_2106190.cif,1.745,1.125,0.14,141402,0.215,0.21,0.04,44340
232,C24H16Br2MnN8,cod-7231801,tetragonal,4mm,104,P4nc,3x1x1,1153218528,96101544,SG104/SG104_cod_database_code_7231801.cif,322.545,321.92,0.29,281372,14.365,359.47,31.64,160146
233,BaGe2P2,cod-7222662,tetragonal,4mm,105,P4_2mc,1x3x1,7200,1200,SG105/SG105_cod_database_code_7222662.cif,1.72,1.24,0.155,141038,0.05,0.025,0.015,36784
234,CH15CrN8O7,cod-1534688,tetragonal,4mm,107,I4mm,2x3x2,88256520,931270,SG107/SG107_cod_database_code_1534688.cif,10.65,10.215,0.165,156622,3.055,22.985,2.045,114928
235,FeGe3La,cod-2204979,tetragonal,4mm,107,I4mm,1x2x3,3366316800,140642880,SG107/SG107_cod_database_code_2204979.cif,1724.79,1721.18,0.595,179488,39.975,1604.38,82.63,179424
236,CuGa3La,cod-4344611,tetragonal,4mm,107,I4mm,3x2x1,83160,1846,SG107/SG107_cod_database_code_4344611.cif,2.16,1.6,0.17,141620,0.065,0.06,0,43166
237,Cr3F19Pb5,cod-2107206,tetragonal,4mm,108,I4cm,1x1x1,1130088960,70630560,SG108/SG108_cod_database_code_2107206.cif,269.4,268.93,0.19,177010,10.835,427.015,27.745,176130
238,C4H10Zn,cod-1543059,tetragonal,4mm,109,I4_1md,1x1x3,378710640,8722890,SG109/SG109_cod_database_code_1543059.cif,432.005,431.21,0.265,358724,6.115,117.66,14.235,141546
239,Ni2O8SrV2,cod-2002120,tetragonal,4mm,110,I4_1cd,2x1x1,601080390,37576390,SG110/SG110_cod_database_code_2002120.cif,8216.345,8213.68,0.825,142732,6.41,228.435,13.955,177998
240,B2BeH8,cod-4343675,tetragonal,4mm,110,I4_1cd,1x1x2,84146400,2629575,SG110/SG110_cod_database_code_4343675.cif,55.16,54.375,0.34,357200,2.13,34.965,3.16,158660
241,Ta,cod-2106748,tetragonal,-42m,113,P-42_1m,2x2x2,225792840,3534424,SG113/SG113_cod_database_code_2106748.cif,367.49,366.82,0.21,142512,3.86,83.795,6.835,169338
242,Ca2MgO7Si2,cod-9006448,tetragonal,-42m,113,P-42_1m,2x2x1,8525454336,266420448,SG113/SG113_cod_database_code_9006448.cif,826.15,825.43,2.945,721648,117.3,4672.36,310.595,218260
243,C5H8N4O12,cod-5900023,tetragonal,-42m,114,P-42_1c,1x2x1,1201200,150150,SG114/SG114_cod_database_code_5900023.cif,7,6.26,0.205,143158,0.15,0.325,0.195,61366
244,Na3S4Sb,cod-4518779,tetragonal,-42m,114,P-42_1c,3x1x2,2496144,104972,SG114/SG114_cod_database_code_4518779.cif,21,20.335,0.23,141548,0.28,0.59,0.12,57628
245,C28H16F6S4Ta,cod-4130198,tetragonal,-42m,114,P-42_1c,1x3x1,5889651768,490820484,SG114/SG114_cod_database_code_4130198.cif,1605.465,1600.99,1.015,345876,50.35,1487.34,131.17,166962
246,Ru2Sn3,cod-1522877,tetragonal,-42m,116,P-4c2,2x1x2,2162160,137214,SG116/SG116_cod_database_code_1522877.cif,6.52,6.04,0.15,143528,0.165,0.37,0.1,59594
247,CuF6Sr2,cod-1539548,tetragonal,-42m,117,P-4b2,1x2x3,17123040,713460,SG117/SG117_cod_database_code_1539548.cif,11.52,11.14,0.15,185522,1,7.76,1.155,154754
248,Sb2Zn,cod-9015418,tetragonal,-42m,118,P-4n2,2x2x1,3603600,112755,SG118/SG118_cod_database_code_9015418.cif,4.48,4.095,0.155,142376,0.135,0.525,0.14,58698
249,B2H8Mn,cod-4002641,tetragonal,-42m,118,P-4n2,2x2x2,80080,1327,SG118/SG118_cod_database_code_4002641.cif,1.56,1.17,0.145,142396,0.825,0.8,0.06,42172
250,Cs2In3,cod-1525490,tetragonal,-42m,119,I-4m2,3x2x3,29216880,211638,SG119/SG119_cod_database_code_1525490.cif,4.92,4.415,0.185,152244,3.21,12.115,1.7,79826
251,Br3H2Li5O2,cod-8103749,tetragonal,-42m,119,I-4m2,1x2x2,242161920,15161160,SG119/SG119_cod_database_code_8103749.cif,905.895,905.205,0.21,157736,3.08,61.355,7.29,156922
252,AgF10PXe2,cod-1509315,tetragonal,-42m,120,I-4c2,2x2x1,7687680,120120,SG120/SG120_cod_database_code_1509315.cif,5.585,5.145,0.135,149074,1.375,6.43,1.18,70682
253,Al5F20Rb5,cod-9015064,tetragonal,-42m,120,I-4c2,3x1x1,2141691552,89237148,SG120/SG120_cod_database_code_9015064.cif,978.82,975.525,5.755,218578,26.955,717.805,54.315,185532
254,CoCsF4,cod-1000491,tetragonal,-42m,120,I-4c2,1x3x1,212520,9086,SG120/SG120_cod_database_code_1000491.cif,1.97,1.415,0.155,143422,0.61,0.61,0.065,45066
255,CrK3O8,cod-4320923,tetragonal,-42m,121,I-42m,3x1x1,3270682800,136278450,SG121/SG121_cod_database_code_4320923.cif,1065.76,1064.54,0.345,326738,35.065,1415.97,83.63,180210
256,CrCsH8N2O8,cod-4118671,tetragonal,-42m,121,I-42m,1x2x1,807206400,50450400,SG121/SG121_cod_database_code_4118671.cif,2328.27,2326.9,0.32,155736,10.86,440.815,19.88,160796
257,CrCsH8N2O8,cod-4105794,tetragonal,-42m,121,I-42m,2x2x2,400400,3607,SG121/SG121_cod_database_code_4105794.cif,2.285,1.39,0.155,143450,3.07,3.155,0.31,42260
258,N2NaP,cod-1537232,tetragonal,-42m,122,I-42d,1x3x1,1045440,43680,SG122/SG122_cod_database_code_1537232.cif,2.115,1.69,0.17,143184,0.1,0.31,0.19,48870
259,H2O4PRb,cod-1530664,tetragonal,-42m,122,I-42d,1x2x1,431520,26970,SG122/SG122_cod_database_code_1530664.cif,3.115,2.72,0.135,141708,0.1,0.3,0.125,49924
260,CuGaS2,cod-9009928,tetragonal,-42m,122,I-42d,1x3x1,43908480,1830560,SG122/SG122_cod_database_code_9009928.cif,8.705,8.295,0.14,143240,0.905,11.365,1.56,148398
261,Bi2IO4Yb,cod-1526555,tetragonal,4/mmm,123,P4/mmm,2x1x2,26880,1680,SG123/SG123_cod_database_code_1526555.cif,2.22,1.815,0.16,142734,0.045,0.03,0.01,38706
262,FePt,cod-9004222,tetragonal,4/mmm,123,P4/mmm,2x3x3,6126120,85830,SG123/SG123_cod_database_code_9004222.cif,2.77,2.355,0.16,143316,0.26,1.275,0.345,52560
263,CoNb4P,cod-1533943,tetragonal,4/mmm,124,P4/mcc,1x1x2,46126080,1441440,SG124/SG124_cod_database_code_1533943.cif,410.885,408.66,1.32,161582,0.855,11.595,1.235,135600
264,Au2CdF8,cod-1510373,tetragonal,4/mmm,124,P4/mcc,2x2x3,5766092640,60225424,SG124/SG124_cod_database_code_1510373.cif,1254.92,1252.055,0.395,164898,67.47,2675.47,155.055,161616
265,C8H9BCuF6N4,cod-7101571,tetragonal,4/mmm,125,P4/nbm,1x1x1,94174080,5886720,SG125/SG125_cod_database_code_7101571.cif,24.59,23.735,0.245,151160,1.485,22.585,3.035,155172
266,Ga6Pu,cod-2310189,tetragonal,4/mmm,125,P4/nbm,1x2x2,48048,1603,SG125/SG125_cod_database_code_2310189.cif,2.28,1.715,0.205,141644,0.08,0.05,0.025,39246
267,C8H9BCuF6N4,cod-4333233,tetragonal,4/mmm,125,P4/nbm,1x2x1,7264857600,454083840,SG125/SG125_cod_database_code_4333233.cif,42392.905,42350.165,5.76,195700,73.785,1841.15,210.86,166562
268,F4K3Nb3O11Ti2,cod-2004310,tetragonal,4/mmm,127,P4/mbm,1x3x1,10200960,850080,SG127/SG127_cod_database_code_2004310.cif,25.4,24.675,0.225,143362,0.67,5.395,0.88,185838
269,CCl2O3Pb2,cod-9009573,tetragonal,4/mmm,127,P4/mbm,3x1x2,2704156,113258,SG127/SG127_cod_database_code_9009573.cif,30.685,30.145,0.205,142218,0.4,0.99,0.23,59436
270,Co4Sc5Si10,cod-2107392,tetragonal,4/mmm,127,P4/mbm,2x1x2,480480,30030,SG127/SG127_cod_database_code_2107392.cif,3.945,3.265,0.245,143098,0.175,0.215,0.075,46788
271,Cl4H12N4Pt2,cod-7240938,tetragonal,4/mmm,128,P4/mnc,1x1x3,4037880,84466,SG128/SG128_cod_database_code_7240938.cif,7.98,7.48,0.175,144072,0.43,1.04,0.135,57026
272,C4H20Cl4N4Pt2,cod-7240953,tetragonal,4/mmm,128,P4/mnc,1x3x1,47070144,3922512,SG128/SG128_cod_database_code_7240953.cif,35.925,35.16,0.3,213016,1.275,17.345,1.555,157832
273,C6F12FeO6Sb2,cod-4116488,tetragonal,4/mmm,128,P4/mnc,1x1x1,564480,35280,SG128/SG128_cod_database_code_4116488.cif,3.06,2.475,0.175,141968,0.095,0.155,0.1,47940
274,OTeU,cod-1535734,tetragonal,4/mmm,129,P4/nmm,2x1x2,141120,8928,SG129/SG129_cod_database_code_1535734.cif,2.47,1.835,0.235,143570,0.045,0.05,0.05,41974
275,LiRbS,cod-7223669,tetragonal,4/mmm,129,P4/nmm,1x1x2,13824,1728,SG129/SG129_cod_database_code_7223669.cif,2.38,1.855,0.175,146168,0.03,0.01,0.02,40870
276,ClLaO,cod-9009170,tetragonal,4/mmm,129,P4/nmm,2x2x1,112896,1854,SG129/SG129_cod_database_code_9009170.cif,2.735,1.9,0.28,156706,0.04,0.025,0.025,41418
277,BaFeO10Si4,cod-9000879,tetragonal,4/mmm,130,P4/ncc,2x2x1,64512240,1011568,SG130/SG130_cod_database_code_9000879.cif,89.3,88.445,0.25,141420,2.135,16.795,2.255,128848
278,C8H12Pt2S8,cod-4306371,tetragonal,4/mmm,130,P4/ncc,1x2x2,960960,30676,SG130/SG130_cod_database_code_4306371.cif,2.735,2.025,0.245,150528,1.245,1.38,0.21,45460
279,Ga3Gd5,cod-1528253,tetragonal,4/mmm,130,P4/ncc,3x1x3,116867520,1630156,SG130/SG130_cod_database_code_1528253.cif,53.945,53.175,0.265,160092,3.665,57.88,4.725,154208
280,Bi2CuO4,cod-1008474,tetragonal,4/mmm,130,P4/ncc,2x1x1,84146400,5259150,SG130/SG130_cod_database_code_1008474.cif,115.79,114.555,0.61,572444,1.39,35.935,3.1,171944
281,CaCrO10Si4,cod-9000935,tetragonal,4/mmm,130,P4/ncc,2x2x1,7624512,119133,SG130/SG130_cod_database_code_9000935.cif,7.955,7.125,0.24,143126,1.515,4.24,0.42,79830
282,C9.5H16Cu0.25N1.5O2.75Si0.125,cod-4502023,tetragonal,4/mmm,131,P4_2/mmc,1x2x1,40275200,2517200,SG131/SG131_cod_database_code_4502023.cif,66.5,65.75,0.19,143160,1.025,8.215,1.275,202096
283,Cs2Cu2Se4Ti,cod-4319683,tetragonal,4/mmm,132,P4_2/mcm,2x1x1,8960,560,SG132/SG132_cod_database_code_4319683.cif,1.51,1.11,0.14,142130,0.035,0.015,0.015,36572
284,MnO5Te2,cod-1528174,tetragonal,4/mmm,133,P4_2/nbc,2x1x2,143840,4495,SG133/SG133_cod_database_code_1528174.cif,1.69,1.275,0.155,142852,0.635,0.605,0.06,42436
285,NiO4Sb2,cod-1534446,tetragonal,4/mmm,135,P4_2/mbc,1x2x1,48048,6006,SG135/SG135_cod_database_code_1534446.cif,1.62,1.23,0.14,142286,0.06,0.035,0.02,41544
286,Cl2Co6O12Te3,cod-1535058,tetragonal,4/mmm,135,P4_2/mbc,1x3x1,2018940,84535,SG135/SG135_cod_database_code_1535058.cif,2.57,2.185,0.135,143616,0.47,0.885,0.23,55434
287,C3H4N2O3S,cod-7050589,tetragonal,4/mmm,135,P4_2/mbc,1x1x1,940800,58800,SG135/SG135_cod_database_code_7050589.cif,2.96,2.605,0.105,144404,0.175,0.315,0.18,53258
288,CoO6Sb2,cod-1530639,tetragonal,4/mmm,136,P4_2/mnm,1x2x1,6720,840,SG136/SG136_cod_database_code_1530639.cif,1.43,1.07,0.11,141934,0.035,0.015,0.01,38012
289,BFe14Gd2,cod-1511139,tetragonal,4/mmm,136,P4_2/mnm,1x1x2,7207200,227374,SG136/SG136_cod_database_code_1511139.cif,4.285,3.915,0.125,142078,0.36,1.345,0.175,65950
290,Cl4CuN2O2,cod-9008016,tetragonal,4/mmm,136,P4_2/mnm,2x1x3,346104,7589,SG136/SG136_cod_database_code_9008016.cif,2.035,1.675,0.105,142676,0.15,0.21,0.075,44342
291,H16MgO10P2,cod-2202040,tetragonal,4/mmm,137,P4_2/nmc,1x3x1,4809024,224792,SG137/SG137_cod_database_code_2202040.cif,9.555,9.105,0.11,142562,0.44,1.61,0.455,82480
292,B4H16Np,cod-4124316,tetragonal,4/mmm,137,P4_2/nmc,1x1x2,102960,3379,SG137/SG137_cod_database_code_4124316.cif,1.795,1.395,0.14,141570,0.15,0.135,0.025,39380
293,B8H8N4Zn,cod-4331453,tetragonal,4/mmm,137,P4_2/nmc,1x1x1,94080,5964,SG137/SG137_cod_database_code_4331453.cif,1.775,1.365,0.16,141978,0.055,0.055,0.025,41480
294,F4K2Zn,cod-8103552,tetragonal,4/mmm,139,I4/mmm,1x3x1,1568160,71568,SG139/SG139_cod_database_code_8103552.cif,4.83,3.87,0.17,145056,0.125,0.425,0.065,51408
295,Ni2PrSb2,cod-1538982,tetragonal,4/mmm,139,I4/mmm,2x1x2,3057600,96404,SG139/SG139_cod_database_code_1538982.cif,2.905,2.47,0.175,143814,0.19,0.835,0.32,58860
296,Ga3Ti,cod-1523053,tetragonal,4/mmm,139,I4/mmm,2x3x1,392040,8503,SG139/SG139_cod_database_code_1523053.cif,2.705,2.275,0.165,144270,0.095,0.09,0.065,41522
297,PdTl2,cod-1524515,tetragonal,4/mmm,140,I4/mcm,2x1x2,480480,7957,SG140/SG140_cod_database_code_1524515.cif,1.89,1.48,0.155,142230,0.1,0.14,0.055,42760
298,Si3Sr5,cod-8101453,tetragonal,4/mmm,140,I4/mcm,1x2x1,1006880,31465,SG140/SG140_cod_database_code_8101453.cif,2.31,1.925,0.14,144490,0.14,0.47,0.25,46138
299,Be4Ca2N4,cod-1535033,tetragonal,4/mmm,140,I4/mcm,1x3x1,1961256,82214,SG140/SG140_cod_database_code_1535033.cif,12.975,12.545,0.14,140936,0.17,0.65,0.255,52142
300,Si2Th,cod-1539856,tetragonal,4/mmm,141,I4_1/amd,3x1x1,13860,626,SG141/SG141_cod_database_code_1539856.cif,1.725,1.29,0.175,141768,0.055,0.035,0.015,38234
301,GdNaO2,cod-1533708,tetragonal,4/mmm,141,I4_1/amd,2x1x1,8960,584,SG141/SG141_cod_database_code_1533708.cif,1.815,1.395,0.165,142632,0.035,0.015,0.015,36646
302,CrO4Sm,cod-1008664,tetragonal,4/mmm,141,I4_1/amd,2x2x1,20820800,166873,SG141/SG141_cod_database_code_1008664.cif,3.62,3.23,0.145,149354,0.855,4.245,0.51,70888
303,In5S9,cod-4113422,tetragonal,4/mmm,142,I4_1/acd,1x1x1,12812800,400400,SG142/SG142_cod_database_code_4113422.cif,10.18,9.66,0.17,144162,1.155,6.98,1.035,127902
304,BrCuH2I2O2Pb2,cod-7205491,tetragonal,4/mmm,142,I4_1/acd,1x1x1,431520,13485,SG142/SG142_cod_database_code_7205491.cif,2.455,2.045,0.15,142656,0.375,0.59,0.2,45496
305,Cs16Sn16,cod-8101632,tetragonal,4/mmm,142,I4_1/acd,1x2x2,2048256,32004,SG142/SG142_cod_database_code_8101632.cif,7.355,6.895,0.22,193852,1.69,3.415,0.42,61882
306,Ca6H6O13Si2,cod-9012620,hexagonal,3,143,P3,1x2x2,18480,4620,SG143/SG143_cod_database_code_9012620.cif,1.59,1.12,0.15,142600,0.095,0.075,0.015,40590
307,BEu3O9W,cod-1511117,hexagonal,3,143,P3,3x2x1,3938220,656370,SG143/SG143_cod_database_code_1511117.cif,30.09,29.68,0.15,145088,0.245,0.775,0.24,111860
308,C21H15CoHoN3O15,cod-7220294,hexagonal,3,143,P3,1x2x1,43200,21600,SG143/SG143_cod_database_code_7220294.cif,2.94,2.43,0.145,142670,0.05,0.035,0.025,42420
309,C10H9BrO4,cod-4119842,hexagonal,3,144,P3_1,1x3x1,1512,504,SG144/SG144_cod_database_code_4119842.cif,1.67,1.295,0.125,142834,0.075,0.06,0.01,36686
310,BGeO5Pr,cod-1511175,hexagonal,3,144,P3_1,3x1x1,2667168,889056,SG144/SG144_cod_database_code_1511175.cif,13.9,13.485,0.15,143538,0.275,0.66,0.36,155840
311,C13H20O4,cod-4134877,hexagonal,3,144,P3_1,2x1x1,5400,2700,SG144/SG144_cod_database_code_4134877.cif,2.015,1.5,0.16,142812,0.06,0.04,0.015,37244
312,C2H5NO2,cod-4037662,hexagonal,3,144,P3_1,1x2x2,2640,660,SG144/SG144_cod_database_code_4037662.cif,1.645,1.245,0.155,140492,0.06,0.04,0.015,38982
313,C6H6IN,cod-2205631,hexagonal,3,145,P3_2,2x1x3,1225224,204288,SG145/SG145_cod_database_code_2205631.cif,4.065,3.665,0.145,144802,0.225,0.37,0.09,68782
314,C16H15NO3,cod-1546109,hexagonal,3,145,P3_2,2x1x1,864000,432000,SG145/SG145_cod_database_code_1546109.cif,31.85,31.295,0.275,160990,0.18,0.39,0.24,103472
315,C14H19NO2,cod-4032986,hexagonal,3,145,P3_2,1x2x1,1800,900,SG145/SG145_cod_database_code_4032986.cif,1.87,1.235,0.16,143120,0.06,0.03,0.02,38082
316,C15H21Br3,cod-7027193,rhombohedral,3,146,R3,1x2x1,42840,7140,SG146/SG146_cod_database_code_7027193.cif,1.965,1.54,0.155,143770,0.155,0.12,0.035,40142
317,B12H26O7Sr,cod-1530805,rhombohedral,3,146,R3,2x2x1,261360,65340,SG146/SG146_cod_database_code_1530805.cif,2.37,1.965,0.16,141590,0.075,0.115,0.11,53970
318,O11PbTa4,cod-1561860,rhombohedral,3,146,R3,2x1x1,128520,21420,SG146/SG146_cod_database_code_1561860.cif,2.395,2.005,0.13,143840,0.125,0.16,0.035,45482
319,Cs6S27Ti6,cod-4319306,rhombohedral,3,146,R3,1x2x1,324000,54000,SG146/SG146_cod_database_code_4319306.cif,4.18,3.75,0.175,146970,0.16,0.16,0.04,51196
320,Ba10O24P6S,cod-9016465,hexagonal,-3,147,P-3,1x2x2,1307504,163438,SG147/SG147_cod_database_code_9016465.cif,17.67,17.05,0.24,141246,0.215,0.435,0.205,68106
321,C12H24ILiO3,cod-2240231,hexagonal,-3,147,P-3,3x1x1,8568,1428,SG147/SG147_cod_database_code_2240231.cif,2.33,1.695,0.23,143040,0.145,0.125,0.01,37020
322,H2MgO2,cod-9003877,hexagonal,-3,147,P-3,1x2x1,380160,95040,SG147/SG147_cod_database_code_9003877.cif,6.575,5.87,0.22,142104,0.055,0.095,0.035,55632
323,F18Sb3Tl,cod-7053682,hexagonal,-3,147,P-3,2x1x1,2640,660,SG147/SG147_cod_database_code_7053682.cif,2.19,1.565,0.25,141742,0.05,0.025,0.015,37014
324,CsF6Nb,cod-1535197,rhombohedral,-3,148,R-3,1x1x1,110160,6120,SG148/SG148_cod_database_code_1535197.cif,3.955,3.56,0.145,140772,0.055,0.05,0.02,43098
325,F6NiSn,cod-1537436,rhombohedral,-3,148,R-3,2x1x2,137214000,5717880,SG148/SG148_cod_database_code_1537436.cif,95.815,94.93,0.32,144980,1.715,44.395,3.62,160120
326,K4N6O12Ru,cod-1534780,rhombohedral,-3,148,R-3,3x1x1,30844800,5140800,SG148/SG148_cod_database_code_1534780.cif,1305.48,1302.115,0.51,155606,0.89,22.045,1.345,162642
327,C42H48Al6N6,cod-4317930,rhombohedral,-3,148,R-3,1x1x1,85680,4760,SG148/SG148_cod_database_code_4317930.cif,2.815,1.515,0.18,143178,0.5,0.495,0.02,44834
328,C6Au3CdKN6,cod-4104126,hexagonal,32,149,P312,2x1x1,27720,6930,SG149/SG149_cod_database_code_4104126.cif,2.225,1.63,0.235,142194,0.04,0.015,0.02,40482
329,C6Ag3KMnN6,cod-4117622,hexagonal,32,149,P312,2x1x1,52800,13200,SG149/SG149_cod_database_code_4117622.cif,2.885,2.31,0.225,143190,0.05,0.06,0.045,42460
330,C6Ag3KMnN6,cod-4117623,hexagonal,32,149,P312,3x2x2,7318080,609840,SG149/SG149_cod_database_code_4117623.cif,9.615,9.055,0.205,142608,0.58,1.825,0.38,122376
331,BBe2H5O5,cod-9009936,hexagonal,32,150,P321,1x2x2,95040,12048,SG150/SG150_cod_database_code_9009936.cif,1.59,1.19,0.15,142296,0.05,0.035,0.04,43030
332,Ga5La3O14Sn,cod-1536463,hexagonal,32,150,P321,1x2x1,27720,6930,SG150/SG150_cod_database_code_1536463.cif,1.835,1.45,0.13,141646,0.035,0.02,0.01,39294
333,KO3S,cod-9016390,hexagonal,32,150,P321,1x1x3,2313360,128520,SG150/SG150_cod_database_code_9016390.cif,10.225,9.82,0.135,150886,0.265,0.64,0.3,68920
334,Mn2P,cod-1537680,hexagonal,32,150,P321,2x2x1,110880,4620,SG150/SG150_cod_database_code_1537680.cif,1.75,1.34,0.135,142908,0.065,0.055,0.025,40098
335,Ag2HO4P,cod-1008168,hexagonal,32,151,P3_112,2x1x1,7840800,1960200,SG151/SG151_cod_database_code_1008168.cif,12.54,11.765,0.25,143066,0.42,1.685,0.49,161634
336,Mn2O7Sb2,cod-8104321,hexagonal,32,152,P3_121,1x2x1,15840,3960,SG152/SG152_cod_database_code_8104321.cif,1.625,1.235,0.13,142144,0.065,0.055,0.015,39266
337,AsGaO4,cod-1009007,hexagonal,32,152,P3_121,1x1x2,118800,9900,SG152/SG152_cod_database_code_1009007.cif,1.73,1.325,0.14,141084,0.06,0.065,0.005,44296
338,H2LaNaO9S2,cod-4000499,hexagonal,32,152,P3_121,2x1x3,1969110,164460,SG152/SG152_cod_database_code_4000499.cif,3.24,2.72,0.14,145634,0.4,0.64,0.16,62558
339,O2Si,cod-9012602,hexagonal,32,152,P3_121,2x2x1,17766672,740388,SG152/SG152_cod_database_code_9012602.cif,15.23,14.8,0.165,251560,0.6,3.175,0.64,158972
340,Cl3CuH13O18,cod-2202292,hexagonal,32,154,P3_221,1x1x1,48600,8100,SG154/SG154_cod_database_code_2202292.cif,4.26,3.67,0.225,141790,0.07,0.04,0.03,42826
341,HgO2Sr,cod-2002576,hexagonal,32,154,P3_221,2x3x3,24804,1386,SG154/SG154_cod_database_code_2002576.cif,2.355,1.735,0.22,143056,0.46,0.45,0.015,41404
342,H4N2O3W,cod-2108369,hexagonal,32,154,P3_221,1x2x2,17766672,2221164,SG154/SG154_cod_database_code_2108369.cif,110.165,108.825,0.285,150186,0.71,5.75,1.315,174190
343,BFeH2O6P,cod-4332751,hexagonal,32,154,P3_221,2x1x2,134596,17017,SG154/SG154_cod_database_code_4332751.cif,3.485,2.68,0.245,143038,0.23,0.25,0.03,45986
344,HgMg3,cod-1523435,rhombohedral,32,155,R32,1x1x2,36590400,3049200,SG155/SG155_cod_database_code_1523435.cif,101.885,101.035,0.165,146822,1.305,14.19,1.385,161570
345,F3Sc,cod-1010451,rhombohedral,32,155,R32,3x1x2,244800,40800,SG155/SG155_cod_database_code_1010451.cif,3.005,2.475,0.15,142978,0.055,0.095,0.095,48702
346,Ni3S2,cod-1011250,rhombohedral,32,155,R32,1x1x3,22680,3780,SG155/SG155_cod_database_code_1011250.cif,1.605,1.19,0.155,141802,0.025,0.005,0.02,40140
347,C3Lu2N6,cod-4332821,rhombohedral,32,155,R32,2x1x1,15840,1320,SG155/SG155_cod_database_code_4332821.cif,1.45,1.075,0.125,142370,0.08,0.055,0.02,39274
348,CdI2,cod-2106916,hexagonal,3m,156,P3m1,3x1x3,2857680,317520,SG156/SG156_cod_database_code_2106916.cif,5.865,5.285,0.22,144576,0.36,0.755,0.325,102150
349,I2Pb,cod-9009141,hexagonal,3m,156,P3m1,3x2x1,108000,18000,SG156/SG156_cod_database_code_9009141.cif,3.21,2.58,0.215,143800,0.045,0.03,0.015,39308
350,CdI2,cod-8104379,hexagonal,3m,156,P3m1,2x1x2,3456,864,SG156/SG156_cod_database_code_8104379.cif,2.305,1.74,0.2,144384,0.04,0.015,0.015,37050
351,GaHSnSr,cod-4124022,hexagonal,3m,156,P3m1,3x2x2,80498880,6708240,SG156/SG156_cod_database_code_4124022.cif,49.165,47.66,0.935,143252,1.5,20.535,3.065,180914
352,O14Rb3V5,cod-1563377,hexagonal,3m,157,P31m,1x1x3,5715360,317520,SG157/SG157_cod_database_code_1563377.cif,23.56,23.15,0.155,154828,0.275,1.34,0.635,91692
353,N4Si3,cod-1001243,hexagonal,3m,159,P31c,2x1x3,30260340,2522460,SG159/SG159_cod_database_code_1001243.cif,143.74,143.055,0.18,142314,0.835,8.965,1.04,176144
354,Br7Re3Se7,cod-2002169,hexagonal,3m,159,P31c,1x1x3,22276800,1237600,SG159/SG159_cod_database_code_2002169.cif,48.535,47.935,0.24,143118,0.78,3.845,0.685,140282
355,HgI4K2,cod-1529984,hexagonal,3m,159,P31c,2x1x1,7983360,1995840,SG159/SG159_cod_database_code_1529984.cif,215.58,214.875,0.185,145406,0.28,1.375,0.37,144366
356,CSi,cod-2310933,rhombohedral,3m,160,R3m,1x1x2,10800,1800,SG160/SG160_cod_database_code_2310933.cif,2.355,1.775,0.215,141350,0.125,0.1,0.02,39818
357,CrCuS2,cod-1525528,rhombohedral,3m,160,R3m,3x1x1,22680,2520,SG160/SG160_cod_database_code_1525528.cif,2.54,1.755,0.225,141212,0.035,0.015,0.02,42374
358,Cu7Hg6,cod-9012535,rhombohedral,3m,160,R3m,1x1x3,28576800,4763160,SG160/SG160_cod_database_code_9012535.cif,84.17,83.335,0.235,153202,0.505,6.28,0.665,134482
359,LiNbO3,cod-1544665,rhombohedral,3m,161,R3c,1x1x2,69854400,1940400,SG161/SG161_cod_database_code_1544665.cif,13.98,13.56,0.145,143474,2.015,45.285,3.525,92646
360,C12H36BiCl6N3,cod-7219621,rhombohedral,3m,161,R3c,1x1x1,27540,1530,SG161/SG161_cod_database_code_7219621.cif,1.665,1.295,0.13,146264,0.575,0.53,0.045,43476
361,B2BaO4,cod-3000103,rhombohedral,3m,161,R3c,1x1x1,936360,52020,SG161/SG161_cod_database_code_3000103.cif,3.715,3.315,0.155,141600,0.305,0.54,0.28,51870
362,Cr0.02K1.93Mg2.02O7Si2,cod-1544621,hexagonal,-3m,162,P-31m,2x3x1,7920,660,SG162/SG162_cod_database_code_1544621.cif,1.41,1.04,0.125,143128,0.05,0.035,0.005,38946
363,As2CdO6,cod-9007893,hexagonal,-3m,162,P-31m,2x1x2,13440,840,SG162/SG162_cod_database_code_9007893.cif,1.535,1.14,0.15,141780,0.04,0.03,0.01,38504
364,AgGaP2Se6,cod-1509347,hexagonal,-3m,163,P-31c,1x1x1,11880,990,SG163/SG163_cod_database_code_1509347.cif,1.55,1.085,0.14,141948,0.04,0.01,0.025,38432
365,Ba5O15Ta4,cod-7039792,hexagonal,-3m,164,P-3m1,1x2x2,7537376,476084,SG164/SG164_cod_database_code_7039792.cif,7.68,7.27,0.145,183048,0.415,2.07,0.655,117640
366,Ho2O2Se,cod-2310836,hexagonal,-3m,164,P-3m1,3x2x1,166320,13860,SG164/SG164_cod_database_code_2310836.cif,2.94,2.565,0.13,142564,0.045,0.04,0.04,43598
367,H2NiO2,cod-1548811,hexagonal,-3m,164,P-3m1,2x2x3,823727520,5795775,SG164/SG164_cod_database_code_1548811.cif,23.205,22.785,0.15,154336,8.58,225.72,17.41,146372
368,CrF30Na3U6,cod-4342343,hexagonal,-3m,165,P-3c1,1x2x1,134596,17017,SG165/SG165_cod_database_code_4342343.cif,3.31,2.58,0.22,142064,0.145,0.155,0.05,44488
369,GdH3,cod-1520968,hexagonal,-3m,165,P-3c1,1x2x2,6726720,420672,SG165/SG165_cod_database_code_1520968.cif,4.98,4.38,0.22,148032,0.355,1.46,0.47,100822
370,Co4Nb2O9,cod-1008930,hexagonal,-3m,165,P-3c1,1x2x3,2704156,113258,SG165/SG165_cod_database_code_1008930.cif,30.27,29.68,0.215,141230,0.445,0.905,0.215,59242
371,Co17Nd2,cod-1524537,rhombohedral,-3m,166,R-3m,1x2x1,27720,2310,SG166/SG166_cod_database_code_1524537.cif,1.53,1.07,0.14,142770,0.135,0.115,0.02,42798
372,I2Ni,cod-9011538,rhombohedral,-3m,166,R-3m,3x1x3,17383860,322800,SG166/SG166_cod_database_code_9011538.cif,60.685,60.155,0.145,143832,0.61,4.3,0.755,91762
373,PtTe,cod-8104022,rhombohedral,-3m,166,R-3m,3x1x2,21420,595,SG166/SG166_cod_database_code_8104022.cif,1.725,1.18,0.16,143580,0.12,0.105,0.015,42246
374,Al2O3,cod-9008081,rhombohedral,-3m,167,R-3c,1x2x1,735471,30954,SG167/SG167_cod_database_code_9008081.cif,5.59,3.9,0.155,140568,0.15,0.305,0.095,46972
375,Cr2O3,cod-9015653,rhombohedral,-3m,167,R-3c,1x2x3,357840,4970,SG167/SG167_cod_database_code_9015653.cif,2.775,2.305,0.14,150092,0.98,1.085,0.055,48432
376,O3Ti2,cod-9008082,rhombohedral,-3m,167,R-3c,2x1x1,12144,506,SG167/SG167_cod_database_code_9008082.cif,1.54,1.155,0.145,141616,0.09,0.065,0.02,39756
377,MnO11Rb2U3,cod-4343628,rhombohedral,-3m,167,R-3c,1x1x1,1947792,54462,SG167/SG167_cod_database_code_4343628.cif,3.935,3.48,0.12,140970,0.36,0.805,0.14,54232
378,BaH2N2O5,cod-2107320,hexagonal,6,169,P6_1,1x1x2,7840800,653400,SG169/SG169_cod_database_code_2107320.cif,5.72,5.095,0.235,141238,0.39,1.475,0.465,130024
379,O2Si,cod-4002432,hexagonal,6,171,P6_2,1x3x1,1113840,185640,SG171/SG171_cod_database_code_4002432.cif,3.67,3.075,0.215,144362,0.2,0.385,0.115,69106
380,C12H10N4O4Zn,cod-7124295,hexagonal,6,171,P6_2,1x3x1,7438860,1239810,SG171/SG171_cod_database_code_7124295.cif,26.08,25.445,0.315,209924,0.54,2.05,0.62,181350
381,C8H4F6N4Zn,cod-4002907,hexagonal,6,172,P6_4,1x1x2,190080,15840,SG172/SG172_cod_database_code_4002907.cif,2.585,2.17,0.135,147728,0.17,0.17,0.04,44636
382,N4Si3,cod-2102553,hexagonal,6,173,P6_3,1x2x3,13860,1170,SG173/SG173_cod_database_code_2102553.cif,1.47,1.075,0.14,142090,0.12,0.1,0.035,38922
383,Ba4ClGe3NaS10,cod-7233735,hexagonal,6,173,P6_3,1x1x2,14636160,1219680,SG173/SG173_cod_database_code_7233735.cif,6.675,6.29,0.125,144160,0.465,3.28,0.555,126402
384,ILiO3,cod-2310421,hexagonal,6,173,P6_3,2x1x1,415800,103950,SG173/SG173_cod_database_code_2310421.cif,1.88,1.495,0.13,141700,0.07,0.125,0.2,59852
385,C6H24Ag2I4N6Ni,cod-4304901,hexagonal,6,173,P6_3,1x1x2,65340,5445,SG173/SG173_cod_database_code_4304901.cif,1.75,1.36,0.145,141316,0.19,0.175,0.02,44760
386,As7K2Ni12,cod-8104516,hexagonal,-6,174,P-6,1x3x1,63504,21168,SG174/SG174_cod_database_code_8104516.cif,1.58,1.2,0.135,142472,0.045,0.04,0.01,43908
387,CHNdO4,cod-9012549,hexagonal,-6,174,P-6,1x2x1,16038000,4009500,SG174/SG174_cod_database_code_9012549.cif,194.29,193.69,0.16,166960,0.415,3.385,0.72,103506
388,GdIS,cod-1008318,hexagonal,-6,174,P-6,2x1x1,5400,2700,SG174/SG174_cod_database_code_1008318.cif,1.76,1.15,0.135,142270,0.025,0.01,0.01,37272
389,C7H6NO,cod-4118949,hexagonal,6/m,175,P6/m,1x3x1,14702688,2450448,SG175/SG175_cod_database_code_4118949.cif,11.245,10.64,0.23,144126,0.56,3.63,0.78,130292
390,HMgN,cod-4324382,hexagonal,6/m,175,P6/m,3x1x1,85680,14280,SG175/SG175_cod_database_code_4324382.cif,2.295,1.815,0.205,141916,0.085,0.09,0.07,44836
391,Au7Gd3Sn3,cod-7234399,hexagonal,6/m,176,P6_3/m,2x1x2,12144,924,SG176/SG176_cod_database_code_7234399.cif,2.18,1.69,0.205,142630,0.145,0.125,0.015,40470
392,Ge3O9Sb2,cod-1531640,hexagonal,6/m,176,P6_3/m,1x1x2,2422728,100947,SG176/SG176_cod_database_code_1531640.cif,4.625,4.115,0.23,150006,0.225,0.785,0.16,60548
393,BCl3,cod-1511049,hexagonal,6/m,176,P6_3/m,1x3x2,23760,1038,SG176/SG176_cod_database_code_1511049.cif,2.205,1.645,0.235,141820,0.08,0.06,0.02,40514
394,Cs2O9Si3Zr,cod-9007383,hexagonal,6/m,176,P6_3/m,1x2x3,425040,17710,SG176/SG176_cod_database_code_9007383.cif,2.645,2.1,0.205,142822,0.4,0.45,0.085,44424
395,Ca2Li2O7Si2,cod-1562016,hexagonal,622,178,P6_122,1x1x3,2004912,55692,SG178/SG178_cod_database_code_1562016.cif,4.32,3.7,0.225,144192,0.88,1.205,0.165,55444
396,Ir3Zr5,cod-2020032,hexagonal,622,178,P6_122,1x2x1,54885600,6861360,SG178/SG178_cod_database_code_2020032.cif,121.635,117.46,3.695,142902,1.09,12.73,2.58,160386
397,Si2Ta,cod-1539274,hexagonal,622,180,P6_222,3x2x1,94143280,7845310,SG180/SG180_cod_database_code_1539274.cif,533.79,532.5,0.375,142382,1.475,44.035,2.945,179094
398,O2Si,cod-9005033,hexagonal,622,180,P6_222,2x2x2,51888,561,SG180/SG180_cod_database_code_9005033.cif,3.145,2.255,0.215,142362,0.365,0.37,0.015,43160
399,Al2BaO4,cod-1008089,hexagonal,622,182,P6_322,2x2x3,72681840,505440,SG182/SG182_cod_database_code_1008089.cif,10.545,10.045,0.145,144100,2.33,21.295,2.095,91944
400,CaO11Ta4,cod-1528602,hexagonal,622,182,P6_322,1x1x1,285120,23760,SG182/SG182_cod_database_code_1528602.cif,12.145,11.735,0.15,141258,0.06,0.065,0.025,44538
401,C6H24N8NiO6,cod-2300361,hexagonal,622,182,P6_322,2x1x1,1307504,163438,SG182/SG182_cod_database_code_2300361.cif,15.5,14.99,0.13,143010,0.23,0.445,0.235,68720
402,ILiO3,cod-1529711,hexagonal,622,182,P6_322,1x2x1,10560,1320,SG182/SG182_cod_database_code_1529711.cif,1.415,1.015,0.15,141854,0.03,0.005,0.015,39806
403,H4Mg3O9Si2,cod-9001091,hexagonal,6mm,185,P6_3cm,3x2x1,10478160,873180,SG185/SG185_cod_database_code_9001091.cif,5.175,4.72,0.14,142970,0.765,4.41,0.81,199092
404,MnO3Y,cod-1560626,hexagonal,6mm,185,P6_3cm,1x1x2,110880,4656,SG185/SG185_cod_database_code_1560626.cif,1.74,1.285,0.135,141994,0.09,0.12,0.07,42478
405,CdClHO,cod-9011542,hexagonal,6mm,186,P6_3mc,2x1x2,3951360,493920,SG186/SG186_cod_database_code_9011542.cif,21.04,20.58,0.14,147594,0.24,0.82,0.295,133820
406,Fe2Mo3O8,cod-9007714,hexagonal,6mm,186,P6_3mc,1x1x2,760320,33024,SG186/SG186_cod_database_code_9007714.cif,8.47,7.875,0.14,144776,0.1,0.255,0.17,48604
407,F6K2Si,cod-9010636,hexagonal,6mm,186,P6_3mc,1x1x3,437580,12300,SG186/SG186_cod_database_code_9010636.cif,2.07,1.61,0.155,141370,0.115,0.115,0.08,44444
408,LiPd,cod-1523155,hexagonal,-6m2,187,P-6m2,2x2x3,15681600,111176,SG187/SG187_cod_database_code_1523155.cif,3.485,3.09,0.13,148254,0.42,2.9,0.66,59980
409,CW,cod-1501540,hexagonal,-6m2,187,P-6m2,2x3x3,42840,1230,SG187/SG187_cod_database_code_1501540.cif,1.47,1.075,0.135,141660,0.045,0.02,0.02,40434
410,CW,cod-2102253,hexagonal,-6m2,187,P-6m2,3x3x2,556920,5315,SG187/SG187_cod_database_code_2102253.cif,2.025,1.615,0.15,143232,0.14,0.22,0.065,45896
411,NbSe2,cod-2310534,hexagonal,-6m2,187,P-6m2,3x2x1,10454400,871200,SG187/SG187_cod_database_code_2310534.cif,27.69,27.185,0.13,143196,0.45,2.195,0.685,141930
412,AlCsF4,cod-7221224,hexagonal,-6m2,189,P-62m,1x1x2,42768000,1782000,SG189/SG189_cod_database_code_7221224.cif,118.59,117.93,0.19,159172,0.605,7.43,1.175,96474
413,AuHoIn,cod-1510178,hexagonal,-6m2,189,P-62m,2x1x2,4989600,311850,SG189/SG189_cod_database_code_1510178.cif,16.835,16.105,0.34,145862,0.19,1.055,0.29,81378
414,Co4P3Zr2,cod-1533945,hexagonal,-6m2,189,P-62m,1x1x2,33264,2772,SG189/SG189_cod_database_code_1533945.cif,1.54,1.155,0.14,142304,0.08,0.055,0.025,41602
415,GdPdTl,cod-1523616,hexagonal,-6m2,189,P-62m,2x2x1,147840,6160,SG189/SG189_cod_database_code_1523616.cif,1.53,1.14,0.14,143104,0.07,0.05,0.035,43872
416,FeS,cod-9007652,hexagonal,-6m2,190,P-62c,1x2x1,36960,4620,SG190/SG190_cod_database_code_9007652.cif,1.62,1.215,0.125,141602,0.06,0.04,0.005,38160
417,Ca3H12MnO17S2,cod-2230974,hexagonal,-6m2,190,P-62c,1x1x1,266112,22176,SG190/SG190_cod_database_code_2230974.cif,11.22,10.81,0.145,142026,0.14,0.105,0.01,45096
418,FeS,cod-9004036,hexagonal,-6m2,190,P-62c,1x2x2,4037880,260535,SG190/SG190_cod_database_code_9004036.cif,15.425,14.855,0.2,145778,0.295,0.9,0.19,78940
419,Ga2Ho,cod-1522686,hexagonal,6/mmm,191,P6/mmm,3x2x1,16632,1386,SG191/SG191_cod_database_code_1522686.cif,1.45,1,0.155,141424,0.03,0.015,0.015,38522
420,B2Co3Lu,cod-1510620,hexagonal,6/mmm,191,P6/mmm,3x2x3,8347680,117084,SG191/SG191_cod_database_code_1510620.cif,9.055,8.69,0.115,141946,0.395,1.865,0.315,64240
421,B2Nb,cod-1510778,hexagonal,6/mmm,191,P6/mmm,1x3x3,102918816,2862410,SG191/SG191_cod_database_code_1510778.cif,33.835,33.355,0.14,145052,1.82,34.7,2.64,163968
422,Ho5Sn3,cod-2310217,hexagonal,6/mmm,193,P6_3/mcm,2x2x1,41186376,858657,SG193/SG193_cod_database_code_2310217.cif,7.645,7.04,0.13,151988,0.945,11.455,1.42,126316
423,Tb5Tl3,cod-1527378,hexagonal,6/mmm,193,P6_3/mcm,2x1x3,1307504,27575,SG193/SG193_cod_database_code_1527378.cif,5.24,4.805,0.11,141418,0.2,0.39,0.075,45240
424,Ca10Ge3Pt7,cod-4330961,hexagonal,6/mmm,193,P6_3/mcm,1x2x2,127512,4454,SG193/SG193_cod_database_code_4330961.cif,1.9,1.445,0.12,143232,0.25,0.25,0.025,46874
425,CuS,cod-9000062,hexagonal,6/mmm,194,P6_3/mmc,1x3x1,19800,1650,SG194/SG194_cod_database_code_9000062.cif,1.59,1.21,0.14,141790,0.04,0.025,0.01,38686
426,GaTi2,cod-1522382,hexagonal,6/mmm,194,P6_3/mmc,3x1x1,432000,36000,SG194/SG194_cod_database_code_1522382.cif,4.62,4.215,0.16,146822,0.065,0.11,0.08,48236
427,AlK6Na3Sb4,cod-8103896,hexagonal,6/mmm,194,P6_3/mmc,1x1x2,554400,11628,SG194/SG194_cod_database_code_8103896.cif,1.985,1.6,0.14,141460,0.145,0.225,0.065,43624
428,AuBiSr,cod-1510602,hexagonal,6/mmm,194,P6_3/mmc,1x3x2,62726400,2613600,SG194/SG194_cod_database_code_1510602.cif,238.84,237.99,0.2,216722,1.87,22.885,2.98,180880
429,C4H12O4Si,cod-5900021,cubic,23,195,P23,1x1x1,142560,11880,SG195/SG195_cod_database_code_5900021.cif,2.83,2.385,0.12,142394,0.085,0.085,0.03,44808
430,C2HNO1.17Zn0.67,cod-4122711,cubic,23,196,F23,1x1x1,1384416,29460,SG196/SG196_cod_database_code_4122711.cif,3.96,3.5,0.15,159974,2.385,2.675,0.395,48008
431,C12H40N4O41U6,cod-4316567,cubic,23,197,I23,1x1x1,2496144,104006,SG197/SG197_cod_database_code_4316567.cif,19.63,18.98,0.145,141804,0.97,1.325,0.24,59688
432,Bi24O40Si2,cod-1010314,cubic,23,197,I23,2x1x2,3365856,105183,SG197/SG197_cod_database_code_1010314.cif,7.71,7.215,0.145,143350,2,2.545,0.29,60752
433,Li3NbO4,cod-1007081,cubic,23,197,I23,1x2x1,2162160,135135,SG197/SG197_cod_database_code_1007081.cif,5.805,5.275,0.16,141418,0.655,0.98,0.245,60298
434,Cd2K2O12S3,cod-4302792,cubic,23,198,P2_13,1x3x1,196020,16440,SG198/SG198_cod_database_code_4302792.cif,1.935,1.57,0.115,142584,0.49,0.515,0.03,44100
435,MoNa2O6Se,cod-1536731,cubic,23,198,P2_13,2x2x1,11440,715,SG198/SG198_cod_database_code_1536731.cif,1.52,1.13,0.14,142964,0.395,0.38,0.01,38330
436,MnSi,cod-9013994,cubic,23,198,P2_13,1x2x2,8008,525,SG198/SG198_cod_database_code_9013994.cif,1.425,1.05,0.125,140586,0.055,0.03,0.01,36724
437,O3Sm2,cod-5910020,cubic,23,199,I2_13,1x1x1,36960,1540,SG199/SG199_cod_database_code_5910020.cif,1.555,1.08,0.15,141830,0.295,0.34,0.045,40104
438,Br2Hg3Te2,cod-1538507,cubic,23,199,I2_13,1x1x1,13440,560,SG199/SG199_cod_database_code_1538507.cif,1.43,1.035,0.155,141112,0.075,0.065,0.02,41988
439,F6H3OSb,cod-2107258,cubic,23,199,I2_13,2x1x1,160160,10010,SG199/SG199_cod_database_code_2107258.cif,1.615,1.215,0.15,143102,0.535,0.52,0.03,45098
440,CdN3O6Tl,cod-1010355,cubic,m-3,200,Pm-3,1x2x1,712800,53808,SG200/SG200_cod_database_code_1010355.cif,5.08,4.66,0.16,145704,0.085,0.25,0.235,50324
441,I14Mo6Pb,cod-8103971,cubic,m-3,201,Pn-3,1x1x2,102960,6435,SG201/SG201_cod_database_code_8103971.cif,1.74,1.335,0.155,141418,0.53,0.5,0.035,42622
442,Co2K5N12O24Y,cod-1537285,cubic,m-3,201,Pn-3,3x1x1,27720,1182,SG201/SG201_cod_database_code_1537285.cif,1.52,1.13,0.145,143016,1.43,1.405,0.02,41320
443,Co2N12O24Tl5Y,cod-1537286,cubic,m-3,201,Pn-3,3x1x1,171360,14490,SG201/SG201_cod_database_code_1537286.cif,2.28,1.9,0.135,143528,1.45,1.445,0.04,44856
444,CuK2N6O12Pb,cod-1010261,cubic,m-3,202,Fm-3,3x1x1,39273696,418866,SG202/SG202_cod_database_code_1010261.cif,6.695,6.11,0.14,172750,4.715,16.55,1.52,86864
445,C4Fe2Na6O16S,cod-9009542,cubic,m-3,203,Fd-3,1x1x1,117804960,1227195,SG203/SG203_cod_database_code_9009542.cif,10.08,9.62,0.18,163072,5.295,45.895,3.98,138810
446,N2O4,cod-2104473,cubic,m-3,204,Im-3,3x1x1,58905,1890,SG204/SG204_cod_database_code_2104473.cif,1.72,1.265,0.125,143006,0.53,0.51,0.045,43374
447,C60Eu6,cod-1520985,cubic,m-3,204,Im-3,1x1x1,778320,16215,SG204/SG204_cod_database_code_1520985.cif,2.275,1.835,0.115,142706,1.16,1.425,0.19,47646
448,As3Ir,cod-9016517,cubic,m-3,204,Im-3,2x1x2,10518300,166080,SG204/SG204_cod_database_code_9016517.cif,15.025,14.525,0.155,142104,1.245,3.575,0.62,66720
449,BrCu,cod-9013933,cubic,m-3,205,Pa-3,3x1x1,2496144,104006,SG205/SG205_cod_database_code_9013933.cif,17.045,16.565,0.13,141772,0.175,0.535,0.215,60118
450,I4Si,cod-1525681,cubic,m-3,205,Pa-3,3x1x1,1307504,54484,SG205/SG205_cod_database_code_1525681.cif,6.625,6.235,0.13,141922,0.55,0.78,0.22,50860
451,Lu2O3,cod-1548517,cubic,m-3,206,Ia-3,1x2x1,194580,6462,SG206/SG206_cod_database_code_1548517.cif,1.845,1.375,0.145,141246,1.07,1.075,0.035,46720
452,B6Ba3O15Y2,cod-2018151,cubic,m-3,206,Ia-3,1x1x1,346104,7365,SG206/SG206_cod_database_code_2018151.cif,2.045,1.655,0.145,142230,1.785,1.78,0.13,44108
453,Ho2O3,cod-2106880,cubic,m-3,206,Ia-3,1x1x1,36340920,759101,SG206/SG206_cod_database_code_2106880.cif,24.555,24.12,0.17,145204,1.38,9.445,1.37,105960
454,Ga5LiO8,cod-1007185,cubic,432,212,P4_332,2x1x1,28028000,1751750,SG212/SG212_cod_database_code_1007185.cif,15.3,14.695,0.145,159340,1.05,5.46,1.145,155662
455,Mg3Ru2,cod-4305398,cubic,432,213,P4_132,2x1x1,1201200,75075,SG213/SG213_cod_database_code_4305398.cif,4.205,3.765,0.185,141734,0.12,0.32,0.175,52338
456,GeI3La3,cod-1535110,cubic,432,214,I4_132,1x3x1,2496144,52234,SG214/SG214_cod_database_code_1535110.cif,9.96,9.45,0.145,142174,0.98,1.475,0.23,48948
457,Ca3I3P,cod-1521110,cubic,432,214,I4_132,1x3x1,127512,2673,SG214/SG214_cod_database_code_1521110.cif,1.86,1.35,0.14,141868,0.875,0.87,0.02,41542
458,Pd17Se15,cod-9011052,cubic,-43m,215,P-43m,1x3x1,3598560,152160,SG215/SG215_cod_database_code_9011052.cif,5.985,5.505,0.145,150318,0.52,1.495,0.26,66736
459,C18H68B3F6N12O14P,cod-4100675,cubic,-43m,215,P-43m,2x1x1,36340920,2271690,SG215/SG215_cod_database_code_4100675.cif,70.93,70.285,0.175,154464,1.14,9.645,1.18,157544
460,Cu3S4V,cod-1011219,cubic,-43m,215,P-43m,2x1x1,33600,2128,SG215/SG215_cod_database_code_1011219.cif,1.93,1.405,0.145,143814,0.03,0.015,0.02,41218
461,SZn,cod-1100043,cubic,-43m,216,F-43m,3x1x2,1961256,21618,SG216/SG216_cod_database_code_1100043.cif,5.065,4.595,0.14,142614,0.125,0.475,0.03,45292
462,AsCsH12MgO10,cod-1537297,cubic,-43m,216,F-43m,1x3x1,3991680,42168,SG216/SG216_cod_database_code_1537297.cif,3.755,3.345,0.155,165688,1.015,3.01,0.37,54328
463,HoNiSb,cod-1537832,cubic,-43m,216,F-43m,1x2x1,940800,14840,SG216/SG216_cod_database_code_1537832.cif,1.76,1.39,0.115,143612,0.075,0.19,0.07,45596
464,Gd3O12Sb5,cod-1538724,cubic,-43m,217,I-43m,1x1x1,7761600,162120,SG217/SG217_cod_database_code_1538724.cif,6.065,5.61,0.115,149104,0.485,1.695,0.375,63356
465,B6O12SeZn4,cod-4517939,cubic,-43m,217,I-43m,1x2x2,428640,6730,SG217/SG217_cod_database_code_4517939.cif,2.66,2.075,0.155,144474,1.335,1.58,0.13,46070
466,Ag6Ge10P12,cod-4002838,cubic,-43m,217,I-43m,1x1x1,134596,2919,SG217/SG217_cod_database_code_4002838.cif,1.755,1.31,0.105,140638,0.2,0.195,0.015,44472
467,Be3Fe4O12SSi3,cod-9000953,cubic,-43m,218,P-43n,1x1x3,2018940,84370,SG218/SG218_cod_database_code_9000953.cif,2.48,2.105,0.13,143198,0.6,1.005,0.285,56730
468,Be6Fe8O24Si6Te2,cod-7222415,cubic,-43m,218,P-43n,2x1x3,1712304,71346,SG218/SG218_cod_database_code_7222415.cif,3.98,3.615,0.115,143608,1.35,2.17,0.37,62592
469,Al3ClNa4O12Si3,cod-9003326,cubic,-43m,218,P-43n,2x2x1,137287920,4297360,SG218/SG218_cod_database_code_9003326.cif,33.945,33.39,0.185,194282,2.505,53.495,3.43,142096
470,Be3Mn4O12SSi3,cod-9008376,cubic,-43m,218,P-43n,2x1x1,11761200,735624,SG218/SG218_cod_database_code_9008376.cif,4.63,4.235,0.145,142920,0.545,2.25,0.74,124138
471,C12H36F4Ga4K4,cod-2216109,cubic,-43m,219,F-43c,1x1x1,64512240,673311,SG219/SG219_cod_database_code_2216109.cif,56.39,55.69,0.135,149304,11.225,28.215,1.865,125362
472,B7INi3O13,cod-1511678,cubic,-43m,219,F-43c,1x1x1,833280,8680,SG219/SG219_cod_database_code_1511678.cif,2.35,1.765,0.115,143402,3.115,3.315,0.125,46822
473,Bi4O12Si3,cod-9012894,cubic,-43m,220,I-43d,1x2x3,156238908,3261292,SG220/SG220_cod_database_code_9012894.cif,125.84,125.18,0.165,147526,10.985,112.485,8.36,252936
474,Gd4Mo9,cod-4031602,cubic,-43m,220,I-43d,3x1x1,487344,10155,SG220/SG220_cod_database_code_4031602.cif,4.975,3.96,0.18,149412,6.085,6.32,0.08,50676
475,Al14Ca12O32,cod-8104354,cubic,-43m,220,I-43d,1x2x1,4027520,125860,SG220/SG220_cod_database_code_8104354.cif,7.485,7.03,0.15,145650,1.28,2.105,0.2,65052
476,Pr3S4,cod-1537783,cubic,-43m,220,I-43d,1x1x1,960960,20034,SG220/SG220_cod_database_code_1537783.cif,1.625,1.215,0.105,140662,0.135,0.22,0.055,45278
477,B3Fe23Nd2,cod-1510910,cubic,-43m,220,I-43d,1x1x2,61124064,1910127,SG220/SG220_cod_database_code_1510910.cif,56.72,56.105,0.155,147176,5.275,47.455,4.45,302416
478,TbTl3,cod-1540875,cubic,m-3m,221,Pm-3m,3x2x3,350064,2566,SG221/SG221_cod_database_code_1540875.cif,2.15,1.77,0.125,143744,0.535,0.54,0.05,44836
479,RuTi,cod-1537946,cubic,m-3m,221,Pm-3m,1x3x3,952560,13308,SG221/SG221_cod_database_code_1537946.cif,2.42,2.035,0.14,145702,0.095,0.165,0.06,44972
480,ErPd3,cod-1527346,cubic,m-3m,221,Pm-3m,1x2x2,207900,7228,SG221/SG221_cod_database_code_1527346.cif,2.105,1.715,0.13,142742,0.08,0.08,0.07,43348
481,Mo3Nd5O16,cod-1001073,cubic,m-3m,222,Pn-3n,1x2x1,19612560,614092,SG222/SG222_cod_database_code_1001073.cif,16.815,16.285,0.2,181434,1.345,5.09,0.655,97788
482,SbV3,cod-1538993,cubic,m-3m,223,Pm-3n,1x1x2,23760,1069,SG223/SG223_cod_database_code_1538993.cif,1.75,1.355,0.14,142540,0.035,0.015,0.025,39426
483,GaMo3,cod-4003990,cubic,m-3m,223,Pm-3n,1x2x1,99792,3838,SG223/SG223_cod_database_code_4003990.cif,1.885,1.485,0.14,141984,0.045,0.035,0.015,41812
484,GeNb3,cod-4124630,cubic,m-3m,223,Pm-3n,2x1x1,1330560,47784,SG223/SG223_cod_database_code_4124630.cif,3.645,3.18,0.17,148264,0.075,0.305,0.055,47002
485,H9O43PW12,cod-7221068,cubic,m-3m,224,Pn-3m,1x1x1,1785168,37456,SG224/SG224_cod_database_code_7221068.cif,3.285,2.835,0.145,142352,0.56,0.8,0.11,52020
486,Bi2O3,cod-1010311,cubic,m-3m,224,Pn-3m,1x2x2,80080,1300,SG224/SG224_cod_database_code_1010311.cif,1.95,1.36,0.15,142204,0.095,0.07,0.025,42814
487,Fe2SiV,cod-1539793,cubic,m-3m,225,Fm-3m,1x2x1,80080,1406,SG225/SG225_cod_database_code_1539793.cif,1.98,1.365,0.17,143402,0.065,0.04,0.025,39780
488,AuLi3,cod-1510223,cubic,m-3m,225,Fm-3m,1x1x2,3669120,29034,SG225/SG225_cod_database_code_1510223.cif,2.32,1.82,0.14,143562,0.155,0.66,0.31,46556
489,ClK,cod-9003128,cubic,m-3m,225,Fm-3m,1x1x3,29040,670,SG225/SG225_cod_database_code_9003128.cif,2.02,1.515,0.135,143670,0.055,0.04,0.015,42282
490,Cd13K,cod-1525175,cubic,m-3m,226,Fm-3c,1x1x1,352800,2205,SG226/SG226_cod_database_code_1525175.cif,2.24,1.795,0.15,143384,2.495,2.53,0.035,44522
491,Cs2O12Te4,cod-4325436,cubic,m-3m,227,Fd-3m,1x1x3,1961256,11365,SG227/SG227_cod_database_code_4325436.cif,3.805,3.325,0.165,145684,3.56,3.825,0.285,44774
492,CaLi2,cod-1536964,cubic,m-3m,227,Fd-3m,2x1x1,1601600,13222,SG227/SG227_cod_database_code_1536964.cif,2.415,1.935,0.15,142614,0.215,0.44,0.25,43820
493,W,cod-9006519,cubic,m-3m,229,Im-3m,3x2x2,1961256,6164,SG229/SG229_cod_database_code_9006519.cif,3.5,2.84,0.14,145274,0.175,0.455,0.115,46860
494,Ta,cod-9008552,cubic,m-3m,229,Im-3m,1x2x3,33264,732,SG229/SG229_cod_database_code_9008552.cif,1.74,1.235,0.145,141468,0.04,0.015,0.02,40026
495,Se,cod-9013137,cubic,m-3m,229,Im-3m,3x1x3,171360,1260,SG229/SG229_cod_database_code_9013137.cif,2.015,1.505,0.17,145516,0.1,0.155,0.115,44206
496,Al5Er3O12,cod-2103616,cubic,m-3m,230,Ia-3d,2x1x1,3365856,52975,SG230/SG230_cod_database_code_2103616.cif,5.18,4.725,0.155,144146,4.815,5.455,0.32,59312
497,Al2Ca3D12O12,cod-9003646,cubic,m-3m,230,Ia-3d,1x1x1,1961256,20948,SG230/SG230_cod_database_code_9003646.cif,4.87,4.43,0.135,143172,4.825,5.15,0.035,45020
498,Ca3Fe2Ge3O12,cod-2009000,cubic,m-3m,230,Ia-3d,1x1x1,255024,2742,SG230/SG230_cod_database_code_2009000.cif,2.185,1.725,0.14,143296,2.625,2.72,0.045,43102
499,F12Fe2Li3Na3,cod-1000212,cubic,m-3m,230,Ia-3d,1x1x2,201376,3225,SG230/SG230_cod_database_code_1000212.cif,2.28,1.685,0.175,142338,4.805,4.79,0.055,48920
500,Al2Mg3O12Si3,cod-9016673,cubic,m-3m,230,Ia-3d,1x1x2,5437152,85407,SG230/SG230_cod_database_code_9016673.cif,4.31,3.835,0.17,150580,4.925,6.225,0.33,65938